store_name,street,city,state,zip,landline,mobile,website,date,location,people_vaccinated_per_hundred,people_fully_vaccinated_per_hundred,Population,Zip,County,AverageMbps,FastestAverageMbps
Trader Joe's Sunnyvale (68),316 West El Camino Real,Sunnyvale,CA,94087,408-736-7573,408-736-7573,https://locations.traderjoes.com/ca/sunnyvale/68/,2021-07-10,California,62.46,50.93,54293.0,94087,Santa Clara,101.59,243.35
Trader Joe's Aliso Viejo (195),26541 Aliso Creek Rd,Aliso Viejo,CA,92656,949-643-5531,949-643-5531,https://locations.traderjoes.com/ca/aliso-viejo/195/,2021-07-10,California,62.46,50.93,49046.0,92656,Orange,116.61,297.85
Trader Joe's Newport Beach (125),8086 E Pacific Coast Hwy,Newport Beach,CA,92657,949-494-7404,949-494-7404,https://locations.traderjoes.com/ca/newport-beach/125/,2021-07-10,California,62.46,50.93,9741.0,92657,Orange,95.65,166.43
Trader Joe's Pleasanton (66),3903 Santa Rita Road,Pleasanton,CA,94588,925-468-0763,925-468-0763,https://locations.traderjoes.com/ca/pleasanton/66/,2021-07-10,California,62.46,50.93,30842.0,94588,Alameda,86.32,234.7
Trader Joe's Costa Mesa (35),640 W 17th St,Costa Mesa,CA,92627,949-642-5134,949-642-5134,https://locations.traderjoes.com/ca/costa-mesa/35/,2021-07-10,California,62.46,50.93,61510.0,92627,Orange,162.12,432.45
Trader Joe's Mission Viejo (126),25410 Marguerite Pkwy,Mission Viejo,CA,92692,949-581-5638,949-581-5638,https://locations.traderjoes.com/ca/mission-viejo/126/,2021-07-10,California,62.46,50.93,47222.0,92692,Orange,137.03,366.36
Trader Joe's Redondo Beach (38),1761 S Elena Ave,Redondo Bch.,CA,90277,310-316-1745,310-316-1745,https://locations.traderjoes.com/ca/redondo-bch./38/,2021-07-10,California,62.46,50.93,35293.0,90277,Los Angeles,99.28,229.67
Trader Joe's Chico (199),801 East Ave,Chico,CA,95926,530-343-9920,530-343-9920,https://locations.traderjoes.com/ca/chico/199/,2021-07-10,California,62.46,50.93,37725.0,95926,Butte,110.28,263.01
Trader Joe's Modesto (9),3250 Dale Road,Modesto,CA,95356,209-491-0445,209-491-0445,https://locations.traderjoes.com/ca/modesto/9/,2021-07-10,California,62.46,50.93,30918.0,95356,Stanislaus,64.26,172.96
Trader Joe's Pinole (230),2742 Pinole Valley Rd,Pinole,CA,94564,510-222-3501,510-222-3501,https://locations.traderjoes.com/ca/pinole/230/,2021-07-10,California,62.46,50.93,18287.0,94564,Contra Costa,128.15,233.71
Trader Joe's Scripps Ranch (221),9850 Hibert St,San Diego,CA,92131,858-549-9185,858-549-9185,https://locations.traderjoes.com/ca/san-diego/221/,2021-07-10,California,62.46,50.93,32787.0,92131,San Diego,92.73,228.38
Trader Joe's Newbury Park (243),125 N Reino Road,Thousand Oaks,CA,91320,805-375-1984,805-375-1984,https://locations.traderjoes.com/ca/thousand-oaks/243/,2021-07-10,California,62.46,50.93,44274.0,91320,Ventura,113.92,230.36
Trader Joe's San Diego - Hillcrest (26),1090 University Avenue,San Diego,CA,92103,619-296-3122,619-296-3122,https://locations.traderjoes.com/ca/san-diego/26/,2021-07-10,California,62.46,50.93,31066.0,92103,San Diego,130.75,320.36
Trader Joe's Morgan Hill (202),17035 Laurel Rd,Morgan Hill,CA,95037,408-778-6409,408-778-6409,https://locations.traderjoes.com/ca/morgan-hill/202/,2021-07-10,California,62.46,50.93,45579.0,95037,Santa Clara,92.71,245.59
Trader Joe's Montrose (52),2462 Honolulu Ave,Montrose,CA,91020,818-957-3613,818-957-3613,https://locations.traderjoes.com/ca/montrose/52/,2021-07-10,California,62.46,50.93,8415.0,91020,Los Angeles,68.69,195.32
Trader Joe's Pasadena (51),610 S Arroyo Pkwy,Pasadena,CA,91105,626-568-9254,626-568-9254,https://locations.traderjoes.com/ca/pasadena/51/,2021-07-10,California,62.46,50.93,11254.0,91105,Los Angeles,75.72,197.5
Trader Joe's Campbell (73),1875 Bascom Ave,Campbell,CA,95008,408-369-7823,408-369-7823,https://locations.traderjoes.com/ca/campbell/73/,2021-07-10,California,62.46,50.93,45260.0,95008,Santa Clara,90.32,225.01
Trader Joe's Palm Desert (3),44250 Town Center Way,Palm Desert,CA,92260,760-340-2291,760-340-2291,https://locations.traderjoes.com/ca/palm-desert/3/,2021-07-10,California,62.46,50.93,31753.0,92260,Riverside,98.0,128.63
Trader Joe's Fresno (8),8478 N. Friant Road,Fresno,CA,93720,559-433-6478,559-433-6478,https://locations.traderjoes.com/ca/fresno/8/,2021-07-10,California,62.46,50.93,45191.0,93720,Fresno,94.3,230.58
Trader Joe's Huntington Harbour (244),16821 Algonquin St,Huntington Beach,CA,92649,714-846-7307,714-846-7307,https://locations.traderjoes.com/ca/huntington-beach/244/,2021-07-10,California,62.46,50.93,32463.0,92649,Orange,97.34,226.9
Trader Joe's Studio City (122),11976 Ventura Blvd,Studio City,CA,91604,818-509-0168,818-509-0168,https://locations.traderjoes.com/ca/studio-city/122/,2021-07-10,California,62.46,50.93,29034.0,91604,Los Angeles,132.56,259.65
Trader Joe's San Francisco - Pacific Place (225),10 4th Street,San Francisco,CA,94103,415-536-7801,415-536-7801,https://locations.traderjoes.com/ca/san-francisco/225/,2021-07-10,California,62.46,50.93,27170.0,94103,San Francisco,124.52,321.84
Trader Joe's San Francisco - 9th St (78),555 9th St,San Francisco,CA,94103,415-863-1292,415-863-1292,https://locations.traderjoes.com/ca/san-francisco/78/,2021-07-10,California,62.46,50.93,27170.0,94103,San Francisco,124.52,321.84
Trader Joe's Hastings Ranch (171),467 N Rosemead Blvd,Pasadena,CA,91107,626-351-3399,626-351-3399,https://locations.traderjoes.com/ca/pasadena/171/,2021-07-10,California,62.46,50.93,32940.0,91107,Los Angeles,99.19,222.37
Trader Joe's Pasadena (East) (32),3035 E Huntington Dr,Pasadena,CA,91107,626-356-2963,626-356-2963,https://locations.traderjoes.com/ca/pasadena/32/,2021-07-10,California,62.46,50.93,32940.0,91107,Los Angeles,99.19,222.37
Trader Joe's Lafayette (115),3649 Mt Diablo Blvd,Lafayette,CA,94549,925-299-9344,925-299-9344,https://locations.traderjoes.com/ca/lafayette/115/,2021-07-10,California,62.46,50.93,26864.0,94549,Contra Costa,162.11,324.78
Trader Joe's Petaluma (107),169 N McDowell Blvd,Petaluma,CA,94954,707-769-2782,707-769-2782,https://locations.traderjoes.com/ca/petaluma/107/,2021-07-10,California,62.46,50.93,37365.0,94954,Sonoma,106.34,301.3
Trader Joe's Brea (11),2500 E Imperial Hwy,Brea,CA,92821,714-257-1180,714-257-1180,https://locations.traderjoes.com/ca/brea/11/,2021-07-10,California,62.46,50.93,35533.0,92821,Orange,93.8,229.73
Trader Joe's Camarillo (114),363 Carmen Dr,Camarillo,CA,93010,805-388-1925,805-388-1925,https://locations.traderjoes.com/ca/camarillo/114/,2021-07-10,California,62.46,50.93,42901.0,93010,Ventura,107.6,234.37
Trader Joe's Fremont (77),39324 Argonaut Way,Fremont,CA,94538,510-794-1386,510-794-1386,https://locations.traderjoes.com/ca/fremont/77/,2021-07-10,California,62.46,50.93,61148.0,94538,Alameda,78.11,199.8
Trader Joe's Mall of Orange (46),2114 N Tustin St,Orange,CA,92865,714-283-5697,714-283-5697,https://locations.traderjoes.com/ca/orange/46/,2021-07-10,California,62.46,50.93,19704.0,92865,Orange,81.13,224.31
Trader Joe's Claremont (214),475 W Foothill Blvd,Claremont,CA,91711,909-625-8784,909-625-8784,https://locations.traderjoes.com/ca/claremont/214/,2021-07-10,California,62.46,50.93,35705.0,91711,Los Angeles,88.62,227.07
Trader Joe's Concord (83),785 Oak Grove Rd,Concord,CA,94518,925-521-1134,925-521-1134,https://locations.traderjoes.com/ca/concord/83/,2021-07-10,California,62.46,50.93,26778.0,94518,Contra Costa,77.34,225.08
Trader Joe's Monrovia (112),604 W Huntington Dr,Monrovia,CA,91016,626-358-8884,626-358-8884,https://locations.traderjoes.com/ca/monrovia/112/,2021-07-10,California,62.46,50.93,40598.0,91016,Los Angeles,93.65,230.32
Trader Joe's Ventura - Midtown (218),103 S Mills Rd,Ventura,CA,93003,805-658-2664,805-658-2664,https://locations.traderjoes.com/ca/ventura/218/,2021-07-10,California,62.46,50.93,50474.0,93003,Ventura,83.34,214.84
Trader Joe's Ventura (45),1795 S. Victoria Ave,Ventura,CA,93003,805-650-9977,805-650-9977,https://locations.traderjoes.com/ca/ventura/45/,2021-07-10,California,62.46,50.93,50474.0,93003,Ventura,83.34,214.84
Trader Joe's Yorba Linda (176),19655 Yorba Linda Blvd,Yorba Linda,CA,92886,714-970-0116,714-970-0116,https://locations.traderjoes.com/ca/yorba-linda/176/,2021-07-10,California,62.46,50.93,46564.0,92886,Orange,99.65,245.73
Trader Joe's San Mateo - Grant St (67),1820-22 S Grant Street,San Mateo,CA,94402,650-570-6140,650-570-6140,https://locations.traderjoes.com/ca/san-mateo/67/,2021-07-10,California,62.46,50.93,23981.0,94402,San Mateo,98.52,243.02
Trader Joe's San Francisco - North Beach (19),401 Bay St,San Francisco,CA,94133,415-351-1013,415-351-1013,https://locations.traderjoes.com/ca/san-francisco/19/,2021-07-10,California,62.46,50.93,26237.0,94133,San Francisco,132.7,324.88
Trader Joe's Novato (198),7514 Redwood Blvd,Novato,CA,94945,415-898-9359,415-898-9359,https://locations.traderjoes.com/ca/novato/198/,2021-07-10,California,62.46,50.93,17167.0,94945,Marin,105.89,265.2
Trader Joe's Millbrae (170),765 Broadway,Millbrae,CA,94030,650-259-9142,650-259-9142,https://locations.traderjoes.com/ca/millbrae/170/,2021-07-10,California,62.46,50.93,21536.0,94030,San Mateo,160.13,520.91
Trader Joe's Sacramento (175),5000 Folsom Blvd,Sacramento,CA,95819,916-456-1853,916-456-1853,https://locations.traderjoes.com/ca/sacramento/175/,2021-07-10,California,62.46,50.93,17141.0,95819,Sacramento,64.78,188.92
Trader Joe's Fairfield (101),1350 Gateway Blvd,Fairfield,CA,94533,707-434-0144,707-434-0144,https://locations.traderjoes.com/ca/fairfield/101/,2021-07-10,California,62.46,50.93,69277.0,94533,Solano,123.29,320.28
Trader Joe's Sherman Oaks (49),14119 Riverside Dr,Sherman Oaks,CA,91423,818-789-2771,818-789-2771,https://locations.traderjoes.com/ca/sherman-oaks/49/,2021-07-10,California,62.46,50.93,30991.0,91423,Los Angeles,113.02,291.73
Trader Joe's San Luis Obispo (41),3977 Higuera Street,San Luis Obispo,CA,93401,805-783-2780,805-783-2780,https://locations.traderjoes.com/ca/san-luis-obispo/41/,2021-07-10,California,62.46,50.93,28033.0,93401,San Luis Obispo,73.65,152.65
Trader Joe's Walnut Creek (123),1372 S California Blvd,Walnut Creek,CA,94596,925-945-1674,925-945-1674,https://locations.traderjoes.com/ca/walnut-creek/123/,2021-07-10,California,62.46,50.93,20037.0,94596,Contra Costa,115.49,312.56
Trader Joe's Sacramento (70),2625 Marconi Ave,Sacramento,CA,95821,916-481-8797,916-481-8797,https://locations.traderjoes.com/ca/sacramento/70/,2021-07-10,California,62.46,50.93,33550.0,95821,Sacramento,53.96,132.85
Trader Joe's Burbank (124),214 E Alameda Ave,Burbank,CA,91502,818-848-4299,818-848-4299,https://locations.traderjoes.com/ca/burbank/124/,2021-07-10,California,62.46,50.93,11371.0,91502,Los Angeles,141.66,311.53
Trader Joe's Templeton (211),1111 Rossi Road,Templeton,CA,93465,805-434-9562,805-434-9562,https://locations.traderjoes.com/ca/templeton/211/,2021-07-10,California,62.46,50.93,9153.0,93465,San Luis Obispo,47.96,113.52
Trader Joe's La Jolla (20),8657 Villa la Jolla Dr,La Jolla,CA,92037,858-546-8629,858-546-8629,https://locations.traderjoes.com/ca/la-jolla/20/,2021-07-10,California,62.46,50.93,46781.0,92037,San Diego,125.37,257.52
Trader Joe's San Ramon (246),300 Market Place,San Ramon,CA,94583,925-275-8140,925-275-8140,https://locations.traderjoes.com/ca/san-ramon/246/,2021-07-10,California,62.46,50.93,34859.0,94583,Contra Costa,125.05,366.19
Trader Joe's Santa Rosa - Cleveland Ave (75),3225 Cleveland Ave,Santa Rosa,CA,95403,707-525-1406,707-525-1406,https://locations.traderjoes.com/ca/santa-rosa/75/,2021-07-10,California,62.46,50.93,45164.0,95403,Sonoma,70.2,205.94
Trader Joe's San Diego - SDSU (224),5140 College Ave,San Diego,CA,92115,619-229-9092,619-229-9092,https://locations.traderjoes.com/ca/san-diego/224/,2021-07-10,California,62.46,50.93,58560.0,92115,San Diego,87.71,236.65
Trader Joe's Brentwood (201),5451 Lone Tree Way,Brentwood,CA,94513,925-516-3044,925-516-3044,https://locations.traderjoes.com/ca/brentwood/201/,2021-07-10,California,62.46,50.93,54605.0,94513,Contra Costa,126.88,341.96
Trader Joe's Stockton (76),6535 Pacific Ave,Stockton,CA,95207,209-951-7597,209-951-7597,https://locations.traderjoes.com/ca/stockton/76/,2021-07-10,California,62.46,50.93,47965.0,95207,San Joaquin,113.23,317.72
Trader Joe's Folsom (172),850 East Bidwell,Folsom,CA,95630,916-817-8820,916-817-8820,https://locations.traderjoes.com/ca/folsom/172/,2021-07-10,California,62.46,50.93,72180.0,95630,Sacramento,77.14,222.47
Trader Joe's Redlands (99),552 Orange St,Redlands,CA,92374,909-798-3888,909-798-3888,https://locations.traderjoes.com/ca/redlands/99/,2021-07-10,California,62.46,50.93,40267.0,92374,San Bernardino,90.83,203.34
Trader Joe's Berkeley (186),1885 University Ave,Berkeley,CA,94703,510-204-9074,510-204-9074,https://locations.traderjoes.com/ca/berkeley/186/,2021-07-10,California,62.46,50.93,19846.0,94703,Alameda,97.73,308.2
Trader Joe's Larkspur (235),2052 Redwood Hwy,Greenbrae,CA,94904,415-945-7955,415-945-7955,https://locations.traderjoes.com/ca/greenbrae/235/,2021-07-10,California,62.46,50.93,11995.0,94904,Marin,37.84,67.14
Trader Joe's Laguna Niguel - Ocean Ranch (103),32351 Street of the Golden Lantern,Laguna Niguel,CA,92677,949-493-8599,949-493-8599,https://locations.traderjoes.com/ca/laguna-niguel/103/,2021-07-10,California,62.46,50.93,63297.0,92677,Orange,130.51,277.23
Trader Joe's North Hollywood (252),6130 Laurel Canyon Bl,North Hollywood,CA,91606,818-762-2963,818-762-2963,https://locations.traderjoes.com/ca/north-hollywood/252/,2021-07-10,California,62.46,50.93,44958.0,91606,Los Angeles,104.72,243.94
Trader Joe's Santa Barbara (59),222 North Milpas Street,Santa Barbara,CA,93103,805-560-1182,805-560-1182,https://locations.traderjoes.com/ca/santa-barbara/59/,2021-07-10,California,62.46,50.93,20249.0,93103,Santa Barbara,114.22,290.81
Trader Joe's Torrance - Hawthorne Blvd (121),19720 Hawthorne Blvd,Torrance,CA,90503,310-793-8585,310-793-8585,https://locations.traderjoes.com/ca/torrance/121/,2021-07-10,California,62.46,50.93,44383.0,90503,Los Angeles,103.68,232.02
Trader Joe's Clovis (180),1077 N Willow Ave,Clovis,CA,93611,559-325-3120,559-325-3120,https://locations.traderjoes.com/ca/clovis/180/,2021-07-10,California,62.46,50.93,45614.0,93611,Fresno,120.27,361.97
Trader Joe's Huntington Beach (47),18681 Main St,Huntington Beach,CA,92648,714-848-9640,714-848-9640,https://locations.traderjoes.com/ca/huntington-beach/47/,2021-07-10,California,62.46,50.93,45317.0,92648,Orange,120.43,232.1
Trader Joe's Castro Valley (84),22224 Redwood Rd,Castro Valley,CA,94546,510-538-2738,510-538-2738,https://locations.traderjoes.com/ca/castro-valley/84/,2021-07-10,California,62.46,50.93,42209.0,94546,Alameda,95.91,237.91
Trader Joe's Manhattan Beach Blvd (34),1821 Manhattan Beach Blvd,Manhattan Beach,CA,90266,310-372-1274,310-372-1274,https://locations.traderjoes.com/ca/manhattan-beach/34/,2021-07-10,California,62.46,50.93,35135.0,90266,Los Angeles,130.15,293.3
Trader Joe's Manhattan Beach - Rosecrans Blvd (106),1800 Rosecrans Blvd,Manhattan Beach,CA,90266,310-725-9800,310-725-9800,https://locations.traderjoes.com/ca/manhattan-beach/106/,2021-07-10,California,62.46,50.93,35135.0,90266,Los Angeles,130.15,293.3
Trader Joe's South Pasadena (18),613 Mission St,S. Pasadena,CA,91030,626-441-6263,626-441-6263,https://locations.traderjoes.com/ca/s.-pasadena/18/,2021-07-10,California,62.46,50.93,25616.0,91030,Los Angeles,99.52,227.46
Trader Joe's Los Angeles - 3rd & Fairfax (240),175 South Fairfax Ave,Los Angeles,CA,90036,323-931-4012,323-931-4012,https://locations.traderjoes.com/ca/los-angeles/240/,2021-07-10,California,62.46,50.93,36865.0,90036,Los Angeles,135.31,324.0
Trader Joe's Los Angeles (31),263 S La Brea Ave,Los Angeles,CA,90036,323-965-1989,323-965-1989,https://locations.traderjoes.com/ca/los-angeles/31/,2021-07-10,California,62.46,50.93,36865.0,90036,Los Angeles,135.31,324.0
Trader Joe's South San Francisco (187),301 MC Lellan Dr,South San Francisco,CA,94080,650-583-6401,650-583-6401,https://locations.traderjoes.com/ca/south-san-francisco/187/,2021-07-10,California,62.46,50.93,63975.0,94080,San Mateo,130.15,354.41
Trader Joe's Laguna Hills (39),24231 Avenida De La Carlota,Laguna Hills,CA,92653,949-461-0927,949-461-0927,https://locations.traderjoes.com/ca/laguna-hills/39/,2021-07-10,California,62.46,50.93,29291.0,92653,Orange,141.22,309.14
Trader Joe's Calabasas (254),23741 Calabasas Rd.,Calabasas,CA,91302,818-591-6758,818-591-6758,https://locations.traderjoes.com/ca/calabasas/254/,2021-07-10,California,62.46,50.93,25709.0,91302,Los Angeles,163.91,311.06
Trader Joe's Culver City (36),9290 Culver Blvd,Culver City,CA,90232,310-202-1108,310-202-1108,https://locations.traderjoes.com/ca/culver-city/36/,2021-07-10,California,62.46,50.93,15149.0,90232,Los Angeles,104.15,248.89
Trader Joe's Oakland - Lakeshore (203),3250 Lakeshore Ave,Oakland,CA,94610,510-238-9076,510-238-9076,https://locations.traderjoes.com/ca/oakland/203/,2021-07-10,California,62.46,50.93,29287.0,94610,Alameda,101.06,233.27
Trader Joe's La Habra,"2101 W. Imperial Hwy, Suite A",La Habra,CA,90631,562-266-1428,562-266-1428,https://locations.traderjoes.com/ca/la-habra/5/,2021-07-10,California,62.46,50.93,67619.0,90631,Orange,97.47,224.91
Trader Joe's Santa Barbara (183),3025 De La Vina St,Santa Barbara,CA,93105,805-563-7383,805-563-7383,https://locations.traderjoes.com/ca/santa-barbara/183/,2021-07-10,California,62.46,50.93,24815.0,93105,Santa Barbara,112.16,295.69
Trader Joe's Rancho Cucamonga (217),6401 Haven Ave,Rancho Cucamonga,CA,91737,909-476-1410,909-476-1410,https://locations.traderjoes.com/ca/rancho-cucamonga/217/,2021-07-10,California,62.46,50.93,24740.0,91737,San Bernardino,81.07,207.37
Trader Joe's Goleta (110),5767 Calle Real,Goleta,CA,93117,805-692-2234,805-692-2234,https://locations.traderjoes.com/ca/goleta/110/,2021-07-10,California,62.46,50.93,53217.0,93117,Santa Barbara,77.5,200.06
Trader Joe's West Los Angeles (7),10850 National Blvd,Los Angeles,CA,90064,310-470-1917,310-470-1917,https://locations.traderjoes.com/ca/los-angeles/7/,2021-07-10,California,62.46,50.93,25403.0,90064,Los Angeles,81.38,211.05
Trader Joe's Olympic Blvd (215),11755 Olympic Blvd,Los Angeles,CA,90064,310-477-5949,310-477-5949,https://locations.traderjoes.com/ca/los-angeles/215/,2021-07-10,California,62.46,50.93,25403.0,90064,Los Angeles,81.38,211.05
Trader Joe's Santa Maria (239),1303 S Bradley Rd,Santa Maria,CA,93454,805-925-1657,805-925-1657,https://locations.traderjoes.com/ca/santa-maria/239/,2021-07-10,California,62.46,50.93,36448.0,93454,Santa Barbara,93.11,204.11
Trader Joe's Redding (219),845 Browning St,Redding,CA,96003,530-223-4875,530-223-4875,https://locations.traderjoes.com/ca/redding/219/,2021-07-10,California,62.46,50.93,44461.0,96003,Shasta,49.88,111.41
Trader Joe's Irvine -  Walnut Village Ctr (37),14443 Culver Dr,Irvine,CA,92604,949-857-8108,949-857-8108,https://locations.traderjoes.com/ca/irvine/37/,2021-07-10,California,62.46,50.93,26853.0,92604,Orange,142.52,323.01
Trader Joe's Santa Rosa Ave (178),2100 Santa Rosa Ave,Santa Rosa,CA,95407,707-535-0788,707-535-0788,https://locations.traderjoes.com/ca/santa-rosa/178/,2021-07-10,California,62.46,50.93,39352.0,95407,Sonoma,181.67,502.48
Trader Joe's Menlo Park (69),720 Menlo Ave,Menlo Park,CA,94025,650-323-2134,650-323-2134,https://locations.traderjoes.com/ca/menlo-park/69/,2021-07-10,California,62.46,50.93,40526.0,94025,San Mateo,42.95,107.25
Trader Joe's Westlake Village (58),3835 E Thousand Oaks Blvd,Westlake Village,CA,91362,805-494-5040,805-494-5040,https://locations.traderjoes.com/ca/westlake-village/58/,2021-07-10,California,62.46,50.93,36045.0,91362,Ventura,126.54,304.87
Trader Joe's San Carlos (174),1482 El Camino Real,San Carlos,CA,94070,650-594-2138,650-594-2138,https://locations.traderjoes.com/ca/san-carlos/174/,2021-07-10,California,62.46,50.93,29166.0,94070,San Mateo,135.98,381.62
Trader Joe's El Cerrito (108),225 El Cerrito Plaza,El Cerrito,CA,94530,510-524-7609,510-524-7609,https://locations.traderjoes.com/ca/el-cerrito/108/,2021-07-10,California,62.46,50.93,23877.0,94530,Contra Costa,109.21,260.98
Trader Joe's Wilshire (253),2300 Wilshire Blvd #101,Santa Monica,CA,90403,310-264-2223,310-264-2223,https://locations.traderjoes.com/ca/santa-monica/253/,2021-07-10,California,62.46,50.93,24525.0,90403,Los Angeles,133.72,280.31
Trader Joe's Irvine - Woodbury Town Center (210),6222 Irvine Blvd,Irvine,CA,92620,949-551-6402,949-551-6402,https://locations.traderjoes.com/ca/irvine/210/,2021-07-10,California,62.46,50.93,38486.0,92620,Orange,104.23,285.92
Trader Joe's Milpitas (229),1306 Great Mall Pkwy,Milpitas,CA,95035,408-942-6957,408-942-6957,https://locations.traderjoes.com/ca/milpitas/229/,2021-07-10,California,62.46,50.93,66943.0,95035,Santa Clara,122.42,319.02
Trader Joe's Tustin (197),1198 Irvine Blvd.,Tustin,CA,92780,714-505-3289,714-505-3289,https://locations.traderjoes.com/ca/tustin/197/,2021-07-10,California,62.46,50.93,57741.0,92780,Orange,86.25,224.33
Trader Joe's West Hills (50),6751 Fallbrook Ave,West Hills,CA,91307,818-347-2591,818-347-2591,https://locations.traderjoes.com/ca/west-hills/50/,2021-07-10,California,62.46,50.93,24474.0,91307,Los Angeles,127.96,295.5
Trader Joe's Sunset Blvd (192),8000 W Sunset Blvd,Los Angeles,CA,90046,323-822-7663,323-822-7663,https://locations.traderjoes.com/ca/los-angeles/192/,2021-07-10,California,62.46,50.93,48581.0,90046,Los Angeles,120.27,291.56
Trader Joe's West Hollywood (40),7310 Santa Monica Blvd,West Hollywood,CA,90046,323-969-8048,323-969-8048,https://locations.traderjoes.com/ca/west-hollywood/40/,2021-07-10,California,62.46,50.93,48581.0,90046,Los Angeles,120.27,291.56
Trader Joe's Encino (56),17640 Burbank Blvd,Encino,CA,91316,818-990-7751,818-990-7751,https://locations.traderjoes.com/ca/encino/56/,2021-07-10,California,62.46,50.93,26898.0,91316,Los Angeles,118.69,266.3
Trader Joe's Santa Ana (113),3329 S Bristol St,Santa Ana,CA,92704,714-424-9304,714-424-9304,https://locations.traderjoes.com/ca/santa-ana/113/,2021-07-10,California,62.46,50.93,88123.0,92704,Orange,78.7,220.3
Trader Joe's La Mesa (24),5495 Grossmont Center Dr,La Mesa,CA,91942,619-466-0105,619-466-0105,https://locations.traderjoes.com/ca/la-mesa/24/,2021-07-10,California,62.46,50.93,38069.0,91942,San Diego,84.75,198.93
Trader Joe's Los Angeles - Burton Way (237),8500 Burton Way,Los Angeles,CA,90048,310-248-2984,310-248-2984,https://locations.traderjoes.com/ca/los-angeles/237/,2021-07-10,California,62.46,50.93,21397.0,90048,Los Angeles,121.57,283.54
Trader Joe's Valencia (13),26517 Bouquet Canyon Rd,Santa Clarita,CA,91350,661-263-3796,661-263-3796,https://locations.traderjoes.com/ca/santa-clarita/13/,2021-07-10,California,62.46,50.93,33348.0,91350,Los Angeles,37.2,62.81
Trader Joe's La Quinta (189),46400 Washington St,La Quinta,CA,92253,760-777-1553,760-777-1553,https://locations.traderjoes.com/ca/la-quinta/189/,2021-07-10,California,62.46,50.93,37262.0,92253,Riverside,93.84,261.31
Trader Joe's San Jose - Westgate West (62),5269 Prospect,San Jose,CA,95129,408-446-5055,408-446-5055,https://locations.traderjoes.com/ca/san-jose/62/,2021-07-10,California,62.46,50.93,38720.0,95129,Santa Clara,109.65,381.45
Trader Joe's San Jose - Bollinger (232),7250 Bollinger Rd,San Jose,CA,95129,408-873-7384,408-873-7384,https://locations.traderjoes.com/ca/san-jose/232/,2021-07-10,California,62.46,50.93,38720.0,95129,Santa Clara,109.65,381.45
Trader Joe's Elk Grove (190),9670 Bruceville Road,Elk Grove,CA,95757,916-686-9980,916-686-9980,https://locations.traderjoes.com/ca/elk-grove/190/,2021-07-10,California,62.46,50.93,40222.0,95757,Sacramento,103.87,263.4
Trader Joe's Mountain View (81),590 Showers Dr,Mountain View,CA,94040,650-917-1013,650-917-1013,https://locations.traderjoes.com/ca/mountain-view/81/,2021-07-10,California,62.46,50.93,32996.0,94040,Santa Clara,101.48,260.27
Trader Joe's Long Beach - PCH (43),6451 E Pacific Coast  Hwy,Long Beach,CA,90803,562-596-4388,562-596-4388,https://locations.traderjoes.com/ca/long-beach/43/,2021-07-10,California,62.46,50.93,32031.0,90803,Los Angeles,88.18,247.41
Trader Joe's Whittier (48),15025 E Whittier Blvd,Whittier,CA,90603,562-698-1642,562-698-1642,https://locations.traderjoes.com/ca/whittier/48/,2021-07-10,California,62.46,50.93,20063.0,90603,Los Angeles,86.14,218.55
Trader Joe's San Diego - Point Loma (188),2401 Truxtun Rd,San Diego,CA,92106,619-758-9272,619-758-9272,https://locations.traderjoes.com/ca/san-diego/188/,2021-07-10,California,62.46,50.93,19330.0,92106,San Diego,80.87,211.75
Trader Joe's Thousand Oaks (196),451 Avenida De Los Arboles,Thousand Oaks,CA,91360,805-492-7107,805-492-7107,https://locations.traderjoes.com/ca/thousand-oaks/196/,2021-07-10,California,62.46,50.93,42402.0,91360,Ventura,117.24,229.29
Trader Joe's Concord (60),1150 Concord Ave,Concord,CA,94520,925-689-2990,925-689-2990,https://locations.traderjoes.com/ca/concord/60/,2021-07-10,California,62.46,50.93,37208.0,94520,Contra Costa,105.89,254.01
Trader Joe's Cerritos (104),12861 Towne Center Dr,Cerritos,CA,90703,562-402-5148,562-402-5148,https://locations.traderjoes.com/ca/cerritos/104/,2021-07-10,California,62.46,50.93,49399.0,90703,Los Angeles,94.32,220.83
Trader Joe's Escondido (105),1885 S Centre City Pkwy,Escondido,CA,92025,760-233-4020,760-233-4020,https://locations.traderjoes.com/ca/escondido/105/,2021-07-10,California,62.46,50.93,49978.0,92025,San Diego,102.75,268.07
Trader Joe's West Los Angeles - Sepulveda (119),3456 S Sepulveda Blvd,Los Angeles,CA,90034,310-836-2458,310-836-2458,https://locations.traderjoes.com/ca/los-angeles/119/,2021-07-10,California,62.46,50.93,57964.0,90034,Los Angeles,88.29,225.25
Trader Joe's Pasadena - S Lake Ave (179),345 S Lake Ave,Pasadena,CA,91101,626-395-9553,626-395-9553,https://locations.traderjoes.com/ca/pasadena/179/,2021-07-10,California,62.46,50.93,20460.0,91101,Los Angeles,73.63,199.69
Trader Joe's San Jose - Old Almaden (63),5353 Almaden Expressway #J-38,San Jose,CA,95118,408-264-8120,408-264-8120,https://locations.traderjoes.com/ca/san-jose/63/,2021-07-10,California,62.46,50.93,31932.0,95118,Santa Clara,84.39,208.75
Trader Joe's Huntington Beach - Brookhurst (241),21431 Brookhurst St,Huntington Beach,CA,92646,714-968-4070,714-968-4070,https://locations.traderjoes.com/ca/huntington-beach/241/,2021-07-10,California,62.46,50.93,55224.0,92646,Orange,139.93,328.69
Trader Joe's Carlsbad (220),2629 Gateway Rd,Carlsbad,CA,92009,760-603-8473,760-603-8473,https://locations.traderjoes.com/ca/carlsbad/220/,2021-07-10,California,62.46,50.93,40747.0,92009,San Diego,108.27,229.48
Trader Joe's Santa Monica (6),3212 Pico Blvd,Santa Monica,CA,90405,310-581-0253,310-581-0253,https://locations.traderjoes.com/ca/santa-monica/6/,2021-07-10,California,62.46,50.93,27186.0,90405,Los Angeles,144.63,294.96
Trader Joe's San Mateo - Hillsdale (245),45 W Hillsdale Blvd,San Mateo,CA,94403,650-286-1509,650-286-1509,https://locations.traderjoes.com/ca/san-mateo/245/,2021-07-10,California,62.46,50.93,39642.0,94403,San Mateo,112.66,270.57
Trader Joe's Daly City (74),417 Westlake Center,Daly City,CA,94015,650-755-3825,650-755-3825,https://locations.traderjoes.com/ca/daly-city/74/,2021-07-10,California,62.46,50.93,60927.0,94015,San Mateo,110.14,271.39
Trader Joe's Los Altos (127),2310 Homestead Rd,Los Altos,CA,94024,408-245-1917,408-245-1917,https://locations.traderjoes.com/ca/los-altos/127/,2021-07-10,California,62.46,50.93,22385.0,94024,Santa Clara,93.4,270.47
Trader Joe's Granada Hills (44),11114 Balboa Blvd,Granada Hills,CA,91344,818-368-6461,818-368-6461,https://locations.traderjoes.com/ca/granada-hills/44/,2021-07-10,California,62.46,50.93,51747.0,91344,Los Angeles,92.5,224.92
Trader Joe's San Diego - Carmel Mtn Ranch (23),11955 Carmel Mountain Rd,San Diego,CA,92128,858-673-0526,858-673-0526,https://locations.traderjoes.com/ca/san-diego/23/,2021-07-10,California,62.46,50.93,47490.0,92128,San Diego,91.89,225.47
Trader Joe's Bakersfield (14),8200 Stockdale Hwy,Bakersfield,CA,93311,661-837-8863,661-837-8863,https://locations.traderjoes.com/ca/bakersfield/14/,2021-07-10,California,62.46,50.93,40829.0,93311,Kern,56.24,166.86
Trader Joe's Los Gatos (181),15466 Los Gatos Blvd,Los Gatos,CA,95032,408-356-2324,408-356-2324,https://locations.traderjoes.com/ca/los-gatos/181/,2021-07-10,California,62.46,50.93,25089.0,95032,Santa Clara,111.04,295.43
Trader Joe's San Dimas (28),856 W Arrow Hwy,San Dimas,CA,91773,909-305-4757,909-305-4757,https://locations.traderjoes.com/ca/san-dimas/28/,2021-07-10,California,62.46,50.93,33119.0,91773,Los Angeles,119.77,297.61
Trader Joe's San Diego - Pacific Beach (21),1640 Garnet Ave,San Diego,CA,92109,858-581-9101,858-581-9101,https://locations.traderjoes.com/ca/san-diego/21/,2021-07-10,California,62.46,50.93,45787.0,92109,San Diego,118.15,272.15
Trader Joe's San Francisco - Nob Hill (200),1095 Hyde St,San Francisco,CA,94109,415-292-7665,415-292-7665,https://locations.traderjoes.com/ca/san-francisco/200/,2021-07-10,California,62.46,50.93,55984.0,94109,San Francisco,130.41,317.06
Trader Joe's Hollywood (206),1600 N Vine St,Los Angeles,CA,90028,323-856-0689,323-856-0689,https://locations.traderjoes.com/ca/los-angeles/206/,2021-07-10,California,62.46,50.93,28714.0,90028,Los Angeles,117.61,328.98
Trader Joe's Davis (182),885 Russell Blvd,Davis,CA,95616,530-757-2693,530-757-2693,https://locations.traderjoes.com/ca/davis/182/,2021-07-10,California,62.46,50.93,47032.0,95616,Yolo,68.45,190.76
Trader Joe's Simi Valley (30),2975-A Cochran St,Simi Valley,CA,93065,805-520-3135,805-520-3135,https://locations.traderjoes.com/ca/simi-valley/30/,2021-07-10,California,62.46,50.93,72508.0,93065,Ventura,116.97,289.99
Trader Joe's Westchester (33),8645 S Sepulveda,Westchester,CA,90045,310-338-9238,310-338-9238,https://locations.traderjoes.com/ca/westchester/33/,2021-07-10,California,62.46,50.93,39480.0,90045,Los Angeles,100.08,231.62
Trader Joe's La Canada (42),475 Foothill Blvd,La Canada,CA,91011,818-790-6373,818-790-6373,https://locations.traderjoes.com/ca/la-canada/42/,2021-07-10,California,62.46,50.93,20280.0,91011,Los Angeles,95.46,208.21
Trader Joe's Rancho Palos Verdes - S. Western Ave. (57),28901 S Western Ave,Rancho Palos Verdes,CA,90275,310-832-1241,310-832-1241,https://locations.traderjoes.com/ca/rancho-palos-verdes/57/,2021-07-10,California,62.46,50.93,41804.0,90275,Los Angeles,128.07,304.2
Trader Joe's Rancho Palos Verdes (233),31176 Hawthorne Blvd,Rancho Palos Verdes,CA,90275,310-544-1727,310-544-1727,https://locations.traderjoes.com/ca/rancho-palos-verdes/233/,2021-07-10,California,62.46,50.93,41804.0,90275,Los Angeles,128.07,304.2
Trader Joe's Chatsworth (184),10330 Mason Ave,Chatsworth,CA,91311,818-341-3010,818-341-3010,https://locations.traderjoes.com/ca/chatsworth/184/,2021-07-10,California,62.46,50.93,36557.0,91311,Los Angeles,92.87,227.72
Trader Joe's Rancho Santa Margarita (27),30652 Santa Margarita Pkwy,Rancho Santa Margarita,CA,92688,949-888-3640,949-888-3640,https://locations.traderjoes.com/ca/rancho-santa-margarita/27/,2021-07-10,California,62.46,50.93,43792.0,92688,Orange,100.44,224.62
Trader Joe's Napa (128),3654 Bel Aire Plaza,Napa,CA,94558,707-256-0806,707-256-0806,https://locations.traderjoes.com/ca/napa/128/,2021-07-10,California,62.46,50.93,66830.0,94558,Napa,91.08,250.3
Trader Joe's San Clemente (16),638 Camino de Los Mares,San Clemente,CA,92673,949-240-9996,949-240-9996,https://locations.traderjoes.com/ca/san-clemente/16/,2021-07-10,California,62.46,50.93,29309.0,92673,Orange,146.22,298.98
Trader Joe's Woodland Hills (209),21055 Ventura Blvd,Woodland Hills,CA,91364,818-712-9475,818-712-9475,https://locations.traderjoes.com/ca/woodland-hills/209/,2021-07-10,California,62.46,50.93,25851.0,91364,Los Angeles,123.2,250.58
Trader Joe's Pacific Grove (79),1170 Forest Ave,Pacific Grove,CA,93950,831-656-0180,831-656-0180,https://locations.traderjoes.com/ca/pacific-grove/79/,2021-07-10,California,62.46,50.93,15046.0,93950,Monterey,128.79,292.6
Trader Joe's San Francisco (100),3 Masonic Ave,San Francisco,CA,94118,415-346-9964,415-346-9964,https://locations.traderjoes.com/ca/san-francisco/100/,2021-07-10,California,62.46,50.93,38319.0,94118,San Francisco,116.34,312.25
Trader Joe's Oceanside (22),2570 Vista Way,Oceanside,CA,92054,760-433-9994,760-433-9994,https://locations.traderjoes.com/ca/oceanside/22/,2021-07-10,California,62.46,50.93,40375.0,92054,San Diego,80.43,210.19
Trader Joe's Long Beach - Bixby Knolls (116),4210 Long Beach Blvd,Long Beach,CA,90807,562-422-1020,562-422-1020,https://locations.traderjoes.com/ca/long-beach/116/,2021-07-10,California,62.46,50.93,31481.0,90807,Los Angeles,109.33,278.96
Trader Joe's West Hollywood (173),8611 Santa Monica Blvd,West Hollywood,CA,90069,310-657-0152,310-657-0152,https://locations.traderjoes.com/ca/west-hollywood/173/,2021-07-10,California,62.46,50.93,20483.0,90069,Los Angeles,109.26,281.41
Trader Joe's Oakland - Rockridge (231),5727 College Ave,Oakland,CA,94618,510-923-9428,510-923-9428,https://locations.traderjoes.com/ca/oakland/231/,2021-07-10,California,62.46,50.93,16046.0,94618,Alameda,89.04,213.03
Trader Joe's Arroyo Grande (117),955 Rancho Pkwy,Arroyo Grande,CA,93420,805-474-6114,805-474-6114,https://locations.traderjoes.com/ca/arroyo-grande/117/,2021-07-10,California,62.46,50.93,28413.0,93420,San Luis Obispo,68.63,112.85
Trader Joe's Chino Hills (216),13911 Peyton Drive,Chino Hills,CA,91709,909-627-1404,909-627-1404,https://locations.traderjoes.com/ca/chino-hills/216/,2021-07-10,California,62.46,50.93,74796.0,91709,San Bernardino,77.04,216.97
Trader Joe's San Jose - Coleman Ave (212),635 Coleman Ave,San Jose,CA,95110,408-298-9731,408-298-9731,https://locations.traderjoes.com/ca/san-jose/212/,2021-07-10,California,62.46,50.93,18730.0,95110,Santa Clara,126.89,321.56
Trader Joe's Fair Oaks (71),5309 Sunrise Blvd,Fair Oaks,CA,95628,916-863-1744,916-863-1744,https://locations.traderjoes.com/ca/fair-oaks/71/,2021-07-10,California,62.46,50.93,40196.0,95628,Sacramento,64.75,186.12
Trader Joe's Mission Valley (222),1072 Camino Del Rio North,San Diego,CA,92108,619-297-0749,619-297-0749,https://locations.traderjoes.com/ca/san-diego/222/,2021-07-10,California,62.46,50.93,18858.0,92108,San Diego,132.2,259.88
Trader Joe's Palmdale (185),39507 10th St W,Palmdale,CA,93551,661-947-2890,661-947-2890,https://locations.traderjoes.com/ca/palmdale/185/,2021-07-10,California,62.46,50.93,50798.0,93551,Los Angeles,109.99,242.78
Trader Joe's Eagle Rock (55),1566 Colorado Blvd,Eagle Rock,CA,90041,323-257-6422,323-257-6422,https://locations.traderjoes.com/ca/eagle-rock/55/,2021-07-10,California,62.46,50.93,27425.0,90041,Los Angeles,79.45,221.87
Trader Joe's Hermosa Beach (248),1100 Pacific Coast Hwy,Hermosa Beach,CA,90254,310-318-1767,310-318-1767,https://locations.traderjoes.com/ca/hermosa-beach/248/,2021-07-10,California,62.46,50.93,19506.0,90254,Los Angeles,149.27,380.76
Trader Joe's Encinitas (25),115 N El Camino Real,Encinitas,CA,92024,760-634-2114,760-634-2114,https://locations.traderjoes.com/ca/encinitas/25/,2021-07-10,California,62.46,50.93,49121.0,92024,San Diego,102.35,243.59
Trader Joe's Marina Del Rey (205),4675 Admiralty Way,Marina Del Rey,CA,90292,310-301-4461,310-301-4461,https://locations.traderjoes.com/ca/marina-del-rey/205/,2021-07-10,California,62.46,50.93,21576.0,90292,Los Angeles,127.04,275.03
Trader Joe's Roseville (80),1117 Roseville Square,Roseville,CA,95678,916-784-9084,916-784-9084,https://locations.traderjoes.com/ca/roseville/80/,2021-07-10,California,62.46,50.93,41192.0,95678,Placer,54.89,107.92
Trader Joe's Alameda (109),2217 South Shore Center,Alameda,CA,94501,510-769-5450,510-769-5450,https://locations.traderjoes.com/ca/alameda/109/,2021-07-10,California,62.46,50.93,60212.0,94501,Alameda,102.28,272.71
Trader Joe's Capitola (64),3555 Clares St #D,Capitola,CA,95010,831-464-0115,831-464-0115,https://locations.traderjoes.com/ca/capitola/64/,2021-07-10,California,62.46,50.93,9137.0,95010,Santa Cruz,132.58,379.75
Trader Joe's Temecula (102),40665 Winchester Rd,Temecula,CA,92591,951-296-9964,951-296-9964,https://locations.traderjoes.com/ca/temecula/102/,2021-07-10,California,62.46,50.93,38272.0,92591,Riverside,97.48,228.96
Trader Joe's Culver City (251),6150 Slauson Ave,Culver City,CA,90230,310-313-0441,310-313-0441,https://locations.traderjoes.com/ca/culver-city/251/,2021-07-10,California,62.46,50.93,31766.0,90230,Los Angeles,107.54,231.73
Trader Joe's San Juan Capistrano (249),32151 Camino Capistrano,San Juan Capistrano,CA,92675,949-496-4150,949-496-4150,https://locations.traderjoes.com/ca/san-juan-capistrano/249/,2021-07-10,California,62.46,50.93,34731.0,92675,Orange,103.88,224.1
Trader Joe's Glendale (53),103 E Glenoaks Blvd,Glendale,CA,91207,818-507-8192,818-507-8192,https://locations.traderjoes.com/ca/glendale/53/,2021-07-10,California,62.46,50.93,10506.0,91207,Los Angeles,55.58,117.89
Trader Joe's Danville (65),85 Railroad Ave,Danville,CA,94526,925-838-5757,925-838-5757,https://locations.traderjoes.com/ca/danville/65/,2021-07-10,California,62.46,50.93,31102.0,94526,Contra Costa,199.52,719.98
Trader Joe's Long Beach - Bellflower Blvd (194),2222 North Bellflower Blvd,Long Beach,CA,90815,562-596-2514,562-596-2514,https://locations.traderjoes.com/ca/long-beach/194/,2021-07-10,California,62.46,50.93,39733.0,90815,Los Angeles,94.43,215.62
Trader Joe's San Francisco - Stonestown (236),265 Winston Dr,San Francisco,CA,94132,415-665-1835,415-665-1835,https://locations.traderjoes.com/ca/san-francisco/236/,2021-07-10,California,62.46,50.93,28129.0,94132,San Francisco,69.26,187.7
Trader Joe's San Rafael (61),337 3rd St,San Rafael,CA,94901,415-454-9530,415-454-9530,https://locations.traderjoes.com/ca/san-rafael/61/,2021-07-10,California,62.46,50.93,41157.0,94901,Marin,121.19,312.01
Trader Joe's Toluca Lake (54),10130 Riverside Dr,Toluca Lake,CA,91602,818-762-2787,818-762-2787,https://locations.traderjoes.com/ca/toluca-lake/54/,2021-07-10,California,62.46,50.93,17473.0,91602,Los Angeles,102.94,229.28
Trader Joe's Santa Cruz (193),700 Front St,Santa Cruz,CA,95060,831-425-0140,831-425-0140,https://locations.traderjoes.com/ca/santa-cruz/193/,2021-07-10,California,62.46,50.93,46377.0,95060,Santa Cruz,83.13,227.55
Trader Joe's Monterey (204),570 Munras Ave,Monterey,CA,93940,831-372-2010,831-372-2010,https://locations.traderjoes.com/ca/monterey/204/,2021-07-10,California,62.46,50.93,31615.0,93940,Monterey,110.59,271.69
Trader Joe's Agoura Hills (247),28941 Canwood St,Agoura Hills,CA,91301,818-865-8217,818-865-8217,https://locations.traderjoes.com/ca/agoura-hills/247/,2021-07-10,California,62.46,50.93,25488.0,91301,Los Angeles,78.49,221.73
Trader Joe's Silver Lake (17),2738 Hyperion Ave,Los Angeles,CA,90027,323-665-6774,323-665-6774,https://locations.traderjoes.com/ca/los-angeles/17/,2021-07-10,California,62.46,50.93,45151.0,90027,Los Angeles,98.33,231.84
Trader Joe's Cathedral City (118),67720 E Palm Canyon Dr,Cathedral City,CA,92234,760-202-0090,760-202-0090,https://locations.traderjoes.com/ca/cathedral-city/118/,2021-07-10,California,62.46,50.93,51151.0,92234,Riverside,100.59,258.55
Trader Joe's Emeryville (72),5700 Christie Ave,Emeryville,CA,94608,510-658-8091,510-658-8091,https://locations.traderjoes.com/ca/emeryville/72/,2021-07-10,California,62.46,50.93,28019.0,94608,Alameda,100.43,293.99
Trader Joe's Westwood (234),1000 Glendon Ave,Los Angeles,CA,90024,310-824-1495,310-824-1495,https://locations.traderjoes.com/ca/los-angeles/234/,2021-07-10,California,62.46,50.93,47452.0,90024,Los Angeles,143.13,301.28
Trader Joe's Chula Vista (120),878 Eastlake Pkwy,Chula Vista,CA,91914,619-656-5370,619-656-5370,https://locations.traderjoes.com/ca/chula-vista/120/,2021-07-10,California,62.46,50.93,15448.0,91914,San Diego,258.37,459.71
Trader Joe's Corona (213),2790 Cabot Dr,Corona,CA,92883,951-603-0299,951-603-0299,https://locations.traderjoes.com/ca/corona/213/,2021-07-10,California,62.46,50.93,29301.0,92883,Riverside,65.07,183.4
Trader Joe's Torrance - Rolling Hills Plaza (29),2545 Pacific Coast Hwy,Torrance,CA,90505,310-326-9520,310-326-9520,https://locations.traderjoes.com/ca/torrance/29/,2021-07-10,California,62.46,50.93,36678.0,90505,Los Angeles,107.51,231.07
Trader Joe's Riverside (15),6225 Riverside Plaza,Riverside,CA,92506,951-781-2378,951-781-2378,https://locations.traderjoes.com/ca/riverside/15/,2021-07-10,California,62.46,50.93,44001.0,92506,Riverside,99.86,323.52
Trader Joe's Del Mar (223 ),13480 Highlands Place,San Diego,CA,92130,858-755-7130,858-755-7130,https://locations.traderjoes.com/ca/san-diego/223/,2021-07-10,California,62.46,50.93,48940.0,92130,San Diego,134.18,364.24
Trader Joe's Irvine - University Ctr (111),4225 Campus Dr,Irvine,CA,92612,949-509-6138,949-509-6138,https://locations.traderjoes.com/ca/irvine/111/,2021-07-10,California,62.46,50.93,27522.0,92612,Orange,134.79,354.96
Trader Joe's Palo Alto (207),855 El Camino Real,Palo Alto,CA,94301,650-327-7018,650-327-7018,https://locations.traderjoes.com/ca/palo-alto/207/,2021-07-10,California,62.46,50.93,16995.0,94301,Santa Clara,156.17,474.47
Trader Joe's Livermore (208),1122 A East Stanley Blvd,Livermore,CA,94550,925-243-1947,925-243-1947,https://locations.traderjoes.com/ca/livermore/208/,2021-07-10,California,62.46,50.93,46896.0,94550,Alameda,105.5,266.25
Trader Joe's Brookline (501),1317 Beacon St,Brookline,MA,02446,617-278-9997,617-278-9997,https://locations.traderjoes.com/ma/brookline/501/,2021-07-10,Massachusetts,71.1,62.51,29311.0,02446,Norfolk,113.27,268.97
Trader Joe's Hanover (513),1775 Washington St,Hanover,MA,02339,781-826-5389,781-826-5389,https://locations.traderjoes.com/ma/hanover/513/,2021-07-10,Massachusetts,71.1,62.51,13879.0,02339,Plymouth,96.49,302.09
Trader Joe's Arlington (505),1427 Massachusetts Ave,Arlington,MA,02476,781-646-9138,781-646-9138,https://locations.traderjoes.com/ma/arlington/505/,2021-07-10,Massachusetts,71.1,62.51,16532.0,02476,Middlesex,121.67,368.28
Trader Joe's Needham Heights (504),958 Highland Ave,Needham,MA,02494,781-449-6993,781-449-6993,https://locations.traderjoes.com/ma/needham/504/,2021-07-10,Massachusetts,71.1,62.51,8955.0,02494,Norfolk,169.11,401.86
Trader Joe's Hyannis (514),655 Iyannough Road Rt 132,Hyannis,MA,02601,508-790-3008,508-790-3008,https://locations.traderjoes.com/ma/hyannis/514/,2021-07-10,Massachusetts,71.1,62.51,14089.0,02601,Barnstable,99.95,273.05
Trader Joe's West Newton (509),1121 Washington St,West Newton,MA,02465,617-244-1620,617-244-1620,https://locations.traderjoes.com/ma/west-newton/509/,2021-07-10,Massachusetts,71.1,62.51,11710.0,02465,Middlesex,131.68,353.13
Trader Joe's Cambridge (502),748 Memorial Dr,Cambridge,MA,02139,617-491-8582,617-491-8582,https://locations.traderjoes.com/ma/cambridge/502/,2021-07-10,Massachusetts,71.1,62.51,36349.0,02139,Middlesex,87.75,230.36
Trader Joe's Peabody (516),300 Andover St,Peabody,MA,01960,978-977-5316,978-977-5316,https://locations.traderjoes.com/ma/peabody/516/,2021-07-10,Massachusetts,71.1,62.51,50944.0,01960,Essex,82.15,239.51
Trader Joe's Acton (511),145 Great Rd,Acton,MA,01720,978-266-8908,978-266-8908,https://locations.traderjoes.com/ma/acton/511/,2021-07-10,Massachusetts,71.1,62.51,21361.0,01720,Middlesex,131.2,348.2
Trader Joe's Saugus (506),358 Broadway,Saugus,MA,01906,781-231-0848,781-231-0848,https://locations.traderjoes.com/ma/saugus/506/,2021-07-10,Massachusetts,71.1,62.51,26660.0,01906,Essex,116.49,305.83
Trader Joe's Framingham (503),659 Worcester Rd,Framingham,MA,01701,508-935-2931,508-935-2931,https://locations.traderjoes.com/ma/framingham/503/,2021-07-10,Massachusetts,71.1,62.51,31217.0,01701,Middlesex,95.15,222.19
Trader Joe's Fort Point Seaport (566),44 Thomson Place,Boston,MA,02210,617-941-3714,617-941-3714,https://locations.traderjoes.com/ma/boston/566/,2021-07-10,Massachusetts,71.1,62.51,2090.0,02210,Suffolk,93.98,258.77
Trader Joe's Boston - Back Bay (510),899 Boylston St,Boston,MA,02115,617-262-6505,617-262-6505,https://locations.traderjoes.com/ma/boston/510/,2021-07-10,Massachusetts,71.1,62.51,28441.0,02115,Suffolk,74.22,220.32
Trader Joe's Burlington (515),51 Middlesex Turnpike,Burlington,MA,01803,781-273-2310,781-273-2310,https://locations.traderjoes.com/ma/burlington/515/,2021-07-10,Massachusetts,71.1,62.51,24487.0,01803,Middlesex,158.9,474.29
Trader Joe's Cambridge Fresh Pond (517),211 Alewife Brook Pkwy,Cambridge,MA,02138,617-498-3201,617-498-3201,https://locations.traderjoes.com/ma/cambridge/517/,2021-07-10,Massachusetts,71.1,62.51,36314.0,02138,Middlesex,121.55,279.25
Trader Joe's Hadley (512),375 Russell St,Hadley,MA,01035,413-587-3260,413-587-3260,https://locations.traderjoes.com/ma/hadley/512/,2021-07-10,Massachusetts,71.1,62.51,5250.0,01035,Hampshire,55.31,109.7
Trader Joe's Foxborough - Patriot Place (528),350 Patriot Place,Foxborough,MA,02035,508-543-1978,508-543-1978,https://locations.traderjoes.com/ma/foxborough/528/,2021-07-10,Massachusetts,71.1,62.51,16865.0,02035,Norfolk,81.18,223.63
Trader Joe's Shrewsbury (508),77 Boston Turnpike,Shrewsbury,MA,01545,508-755-9560,508-755-9560,https://locations.traderjoes.com/ma/shrewsbury/508/,2021-07-10,Massachusetts,71.1,62.51,35299.0,01545,Worcester,57.23,156.46
Trader Joe's Allston (561),199 North Harvard Street,Allston,MA,02134,617-787-1238,617-787-1238,https://locations.traderjoes.com/ma/allston/561/,2021-07-10,Massachusetts,71.1,62.51,21503.0,02134,Suffolk,101.06,262.37
Trader Joe's Hingham (530),5 Essington Drive,Hingham,MA,02043,781-740-2038,781-740-2038,https://locations.traderjoes.com/ma/hingham/530/,2021-07-10,Massachusetts,71.1,62.51,22157.0,02043,Plymouth,162.88,371.46
Trader Joe's Somerville (560),145 Middlesex Ave,Somerville,MA,02145,617-591-0124,617-591-0124,https://locations.traderjoes.com/ma/somerville/560/,2021-07-10,Massachusetts,71.1,62.51,25439.0,02145,Middlesex,103.67,233.32
Trader Joe's Park Ridge (698),190 N NW Highway,Park Ridge,IL,60068,847-292-1108,847-292-1108,https://locations.traderjoes.com/il/park-ridge/698/,2021-07-10,Illinois,60.23,47.03,37475.0,60068,Cook,147.68,295.55
Trader Joe's Chicago (688),3745 N Lincoln Ave,Chicago,IL,60613,773-248-4920,773-248-4920,https://locations.traderjoes.com/il/chicago/688/,2021-07-10,Illinois,60.23,47.03,48281.0,60613,Cook,118.29,298.28
Trader Joe's Orland Park (686),14924 S La Grange Rd,Orland Park,IL,60462,708-349-9021,708-349-9021,https://locations.traderjoes.com/il/orland-park/686/,2021-07-10,Illinois,60.23,47.03,38723.0,60462,Cook,139.82,311.48
Trader Joe's Chicago - Diversey Pkwy (703),667 W Diversey Pkwy,Chicago,IL,60614,773-935-7255,773-935-7255,https://locations.traderjoes.com/il/chicago/703/,2021-07-10,Illinois,60.23,47.03,66617.0,60614,Cook,130.06,283.35
Trader Joe's Chicago - Lincoln Park (691),1840 N Clybourn Ave,Chicago,IL,60614,312-274-9733,312-274-9733,https://locations.traderjoes.com/il/chicago/691/,2021-07-10,Illinois,60.23,47.03,66617.0,60614,Cook,130.06,283.35
Trader Joe's Glen Ellyn (680),680 Roosevelt Rd,Glen Ellyn,IL,60137,630-858-5077,630-858-5077,https://locations.traderjoes.com/il/glen-ellyn/680/,2021-07-10,Illinois,60.23,47.03,37805.0,60137,DuPage,131.77,284.74
Trader Joe's Glenview (681),1407 Waukegan Rd,Glenview,IL,60025,847-657-7821,847-657-7821,https://locations.traderjoes.com/il/glenview/681/,2021-07-10,Illinois,60.23,47.03,39105.0,60025,Cook,158.71,302.24
Trader Joe's Arlington Heights (687),17 W Rand Rd,Arlington Heights,IL,60004,847-506-0752,847-506-0752,https://locations.traderjoes.com/il/arlington-heights/687/,2021-07-10,Illinois,60.23,47.03,50582.0,60004,Cook,102.58,283.95
Trader Joe's Lake Zurich (684),735 W Route 22,Lake Zurich,IL,60047,847-550-7827,847-550-7827,https://locations.traderjoes.com/il/lake-zurich/684/,2021-07-10,Illinois,60.23,47.03,41669.0,60047,Lake,135.69,295.53
Trader Joe's Chicago - South Loop (701),1147 S Wabash Ave,Chicago,IL,60605,312-588-0489,312-588-0489,https://locations.traderjoes.com/il/chicago/701/,2021-07-10,Illinois,60.23,47.03,24668.0,60605,Cook,112.97,274.45
Trader Joe's Schaumburg (705),1426 E Golf Rd,Schaumburg,IL,60173,847-619-0095,847-619-0095,https://locations.traderjoes.com/il/schaumburg/705/,2021-07-10,Illinois,60.23,47.03,12217.0,60173,Cook,53.26,122.4
Trader Joe's Oak Park (697),483 N Harlem Ave,Oak Park,IL,60301,708-386-1169,708-386-1169,https://locations.traderjoes.com/il/oak-park/697/,2021-07-10,Illinois,60.23,47.03,2539.0,60301,Cook,14.13,28.33
Trader Joe's Batavia (689),1942 W Fabyan Pkwy,Batavia,IL,60510,630-879-3234,630-879-3234,https://locations.traderjoes.com/il/batavia/689/,2021-07-10,Illinois,60.23,47.03,28897.0,60510,Kane,140.15,292.02
Trader Joe's Chicago - River North (696),44 E Ontario St,Chicago,IL,60611,312-951-6369,312-951-6369,https://locations.traderjoes.com/il/chicago/696/,2021-07-10,Illinois,60.23,47.03,28718.0,60611,Cook,169.24,301.16
Trader Joe's Naperville (690),44 W Gartner Rd,Naperville,IL,60540,630-355-4389,630-355-4389,https://locations.traderjoes.com/il/naperville/690/,2021-07-10,Illinois,60.23,47.03,42910.0,60540,DuPage,90.51,228.94
Trader Joe's Hyde Park (706),1528 E 55th Street,Chicago,IL,60615,773-363-8831,773-363-8831,https://locations.traderjoes.com/il/chicago/706/,2021-07-10,Illinois,60.23,47.03,40603.0,60615,Cook,157.36,450.97
Trader Joe's Libertyville (704),1600 S Milwaukee Ave,Libertyville,IL,60048,847-680-1739,847-680-1739,https://locations.traderjoes.com/il/libertyville/704/,2021-07-10,Illinois,60.23,47.03,29095.0,60048,Lake,180.83,610.97
Trader Joe's Northbrook (682),127 Skokie Blvd,Northbrook,IL,60062,847-480-9280,847-480-9280,https://locations.traderjoes.com/il/northbrook/682/,2021-07-10,Illinois,60.23,47.03,39936.0,60062,Cook,138.74,291.57
Trader Joe's Downers Grove (683),122 Ogden Ave,Downers Grove,IL,60515,630-241-1662,630-241-1662,https://locations.traderjoes.com/il/downers-grove/683/,2021-07-10,Illinois,60.23,47.03,27503.0,60515,DuPage,97.3,322.67
Trader Joe's Algonquin (699),1800 S Randall Rd,Algonquin,IL,60102,847-854-4886,847-854-4886,https://locations.traderjoes.com/il/algonquin/699/,2021-07-10,Illinois,60.23,47.03,32193.0,60102,McHenry,132.16,270.17
Trader Joe's Evanston (702),1211 Chicago Avenue,Evanston,IL,60202,847-733-0690,847-733-0690,https://locations.traderjoes.com/il/evanston/702/,2021-07-10,Illinois,60.23,47.03,31361.0,60202,Cook,113.53,251.66
Trader Joe's La Grange (685),25 N La Grange Rd,La Grange,IL,60525,708-579-0838,708-579-0838,https://locations.traderjoes.com/il/la-grange/685/,2021-07-10,Illinois,60.23,47.03,31168.0,60525,Cook,97.92,287.27
Trader Joe's Scottsdale (94),6202 N Scottsdale Rd,Scottsdale,AZ,85253,480-948-9886,480-948-9886,https://locations.traderjoes.com/az/scottsdale/94/,2021-07-10,Arizona,51.22,43.91,17047.0,85253,Maricopa,156.16,336.65
Trader Joe's Queen Creek (286),21186 S. Ellsworth Loop Rd,Queen Creek,AZ,85142,480-877-7213,480-877-7213,https://locations.traderjoes.com/az/queen-creek/286/,2021-07-10,Arizona,51.22,43.91,48870.0,85142,Maricopa,122.73,299.66
Trader Joe's Gilbert (SanTan) (285),1779 E. Williams Field Rd.,Gilbert,AZ,85295,480-857-9878,480-857-9878,https://locations.traderjoes.com/az/gilbert/285/,2021-07-10,Arizona,51.22,43.91,38332.0,85295,Maricopa,126.0,314.79
Trader Joe's Prescott (283),252 N Lee Blvd,Prescott,AZ,86303,928-443-9075,928-443-9075,https://locations.traderjoes.com/az/prescott/283/,2021-07-10,Arizona,51.22,43.91,17082.0,86303,Yavapai,67.84,185.34
Trader Joe's Tucson - Crossroads (88),4766 E Grant Rd,Tucson,AZ,85712,520-323-4500,520-323-4500,https://locations.traderjoes.com/az/tucson/88/,2021-07-10,Arizona,51.22,43.91,32666.0,85712,Pima,79.61,264.52
Trader Joe's Tucson (95),1101 N Wilmot Rd,Tucson,AZ,85712,520-733-1313,520-733-1313,https://locations.traderjoes.com/az/tucson/95/,2021-07-10,Arizona,51.22,43.91,32666.0,85712,Pima,79.61,264.52
Trader Joe's Surprise (92),14095 W Grand Ave,Surprise,AZ,85374,623-546-1640,623-546-1640,https://locations.traderjoes.com/az/surprise/92/,2021-07-10,Arizona,51.22,43.91,47146.0,85374,Maricopa,88.69,242.3
Trader Joe's N Scottsdale (87),7555 E Frank Lloyd Wright,Scottsdale,AZ,85260,480-367-8920,480-367-8920,https://locations.traderjoes.com/az/scottsdale/87/,2021-07-10,Arizona,51.22,43.91,36056.0,85260,Maricopa,148.05,365.18
Trader Joe's ASU (91),940 E. University Drive,Tempe,AZ,85281,480-303-9974,480-303-9974,https://locations.traderjoes.com/az/tempe/91/,2021-07-10,Arizona,51.22,43.91,57348.0,85281,Maricopa,73.44,166.62
Trader Joe's Tucson - Campbell & Limberlost (191),4209 N Campbell Ave,Tucson,AZ,85719,520-325-0069,520-325-0069,https://locations.traderjoes.com/az/tucson/191/,2021-07-10,Arizona,51.22,43.91,43989.0,85719,Pima,74.26,186.21
Trader Joe's Ahwatukee (177),4025 E Chandler Blvd,Phoenix,AZ,85048,480-759-2295,480-759-2295,https://locations.traderjoes.com/az/phoenix/177/,2021-07-10,Arizona,51.22,43.91,33449.0,85048,Maricopa,119.77,277.14
Trader Joe's Paradise Valley (282),4726 East Shea Blvd,Phoenix,AZ,85028,602-485-7788,602-485-7788,https://locations.traderjoes.com/az/phoenix/282/,2021-07-10,Arizona,51.22,43.91,19157.0,85028,Maricopa,95.29,206.81
Trader Joe's Oro Valley (96),7912 N Oracle,Oro Valley,AZ,85704,520-797-4207,520-797-4207,https://locations.traderjoes.com/az/oro-valley/96/,2021-07-10,Arizona,51.22,43.91,30929.0,85704,Pima,72.25,206.25
Trader Joe's Phoenix - Town & Country (90),4821 N 20th St,Phoenix,AZ,85016,602-912-9022,602-912-9022,https://locations.traderjoes.com/az/phoenix/90/,2021-07-10,Arizona,51.22,43.91,33896.0,85016,Maricopa,91.52,251.08
Trader Joe's Mesa (89),2050 E Baseline Rd,Mesa,AZ,85204,480-632-0951,480-632-0951,https://locations.traderjoes.com/az/mesa/89/,2021-07-10,Arizona,51.22,43.91,60885.0,85204,Maricopa,107.11,308.39
Trader Joe's Tempe (93),6460 S McClintock Dr,Tempe,AZ,85283,480-838-4142,480-838-4142,https://locations.traderjoes.com/az/tempe/93/,2021-07-10,Arizona,51.22,43.91,44813.0,85283,Maricopa,76.34,173.61
Trader Joe's Glendale (85),7720 West Bell Rd,Glendale,AZ,85308,623-776-7414,623-776-7414,https://locations.traderjoes.com/az/glendale/85/,2021-07-10,Arizona,51.22,43.91,63876.0,85308,Maricopa,76.15,164.5
Trader Joe's Annapolis (650),160 F Jennifer Rd,Annapolis,MD,21401,410-573-0505,410-573-0505,https://locations.traderjoes.com/md/annapolis/650/,2021-07-10,Maryland,62.75,57.1,36012.0,21401,Anne Arundel,137.16,348.81
Trader Joe's Bethesda (645),6831 Wisconsin Ave,Bethesda,MD,20815,301-907-0982,301-907-0982,https://locations.traderjoes.com/md/bethesda/645/,2021-07-10,Maryland,62.75,57.1,29082.0,20815,Montgomery,139.83,329.96
Trader Joe's Columbia (658),6610 Marie Curie Dr,Elkridge,MD,21075,410-953-8139,410-953-8139,https://locations.traderjoes.com/md/elkridge/658/,2021-07-10,Maryland,62.75,57.1,26344.0,21075,Howard,142.22,469.46
Trader Joe's Silver Spring (652),10741 Columbia Pike,Silver Spring,MD,20901,301-681-1675,301-681-1675,https://locations.traderjoes.com/md/silver-spring/652/,2021-07-10,Maryland,62.75,57.1,34832.0,20901,Montgomery,125.55,420.08
Trader Joe's Pikesville (655),1809 Reisterstown Rd,Pikesville,MD,21208,410-484-8373,410-484-8373,https://locations.traderjoes.com/md/pikesville/655/,2021-07-10,Maryland,62.75,57.1,33917.0,21208,Baltimore County,208.41,525.76
Trader Joe's Rockville (642),12268-H Rockville Pike,Rockville,MD,20852,301-468-6656,301-468-6656,https://locations.traderjoes.com/md/rockville/642/,2021-07-10,Maryland,62.75,57.1,40365.0,20852,Montgomery,124.82,355.58
Trader Joe's North Potomac (648),10076 Darnestown Rd,Rockville,MD,20850,301-762-0782,301-762-0782,https://locations.traderjoes.com/md/rockville/648/,2021-07-10,Maryland,62.75,57.1,46340.0,20850,Montgomery,141.39,491.63
Trader Joe's Towson (649),800 Kenilworth Drive,Towson,MD,21204,410-321-0276,410-321-0276,https://locations.traderjoes.com/md/towson/649/,2021-07-10,Maryland,62.75,57.1,20253.0,21204,Baltimore County,177.06,379.9
Trader Joe's San Antonio (451),350 East Basse Road,San Antonio,TX,78209,210-826-1110,210-826-1110,https://locations.traderjoes.com/tx/san-antonio/451/,2021-07-10,Texas,49.03,42.09,39197.0,78209,Bexar,141.61,355.2
Trader Joe's The Woodlands (428),10868 Kuykendahl Road,The Woodlands,TX,77381,281-465-0254,281-465-0254,https://locations.traderjoes.com/tx/the-woodlands/428/,2021-07-10,Texas,49.03,42.09,34961.0,77381,Montgomery,140.49,337.21
Trader Joe's Dallas North (401),7939 Walnut Hill Lane,Dallas,TX,75230,214-346-6579,214-346-6579,https://locations.traderjoes.com/tx/dallas/401/,2021-07-10,Texas,49.03,42.09,26934.0,75230,Dallas,145.92,314.9
Trader Joe's Austin - Rollingwood (453),2805 Bee Cave Rd,Austin,TX,78746,512-306-1032,512-306-1032,https://locations.traderjoes.com/tx/austin/453/,2021-07-10,Texas,49.03,42.09,26928.0,78746,Travis,163.02,306.79
Trader Joe's Fort Worth (404),2701 S Hulen St,Fort Worth,TX,76109,817-922-9107,817-922-9107,https://locations.traderjoes.com/tx/fort-worth/404/,2021-07-10,Texas,49.03,42.09,21710.0,76109,Tarrant,104.48,301.6
Trader Joe's San Antonio - Sonterra Village (455),403 N Loop 1604 W,San Antonio,TX,78232,210-545-3123,210-545-3123,https://locations.traderjoes.com/tx/san-antonio/455/,2021-07-10,Texas,49.03,42.09,35120.0,78232,Bexar,119.28,233.72
Trader Joe's Houston - Alabama Theater (426),2922 S Shepherd Drive,Houston,TX,77098,713-526-4034,713-526-4034,https://locations.traderjoes.com/tx/houston/426/,2021-07-10,Texas,49.03,42.09,13076.0,77098,Harris,121.68,276.98
Trader Joe's Plano (402),2400 Preston Rd,Plano,TX,75093,972-312-9538,972-312-9538,https://locations.traderjoes.com/tx/plano/402/,2021-07-10,Texas,49.03,42.09,47187.0,75093,Collin,90.04,227.55
Trader Joe's Katy (Cinco Ranch) (429),2717 Commercial Center Blvd,Katy,TX,77494,281-392-4200,281-392-4200,https://locations.traderjoes.com/tx/katy/429/,2021-07-10,Texas,49.03,42.09,61600.0,77494,Fort Bend,115.41,307.1
Trader Joe's Dallas West (405),5550 W Lovers Lane,Dallas,TX,75209,214-366-0205,214-366-0205,https://locations.traderjoes.com/tx/dallas/405/,2021-07-10,Texas,49.03,42.09,13653.0,75209,Dallas,196.81,530.39
Trader Joe's Houston - S Voss Rd (427),1440 South Voss Road,Houston,TX,77057,713-266-2377,713-266-2377,https://locations.traderjoes.com/tx/houston/427/,2021-07-10,Texas,49.03,42.09,39208.0,77057,Harris,117.8,291.98
Trader Joe's Austin - Seaholm (452),"211 Walter Seaholm Dr, Ste 100",Austin,TX,78701,512-474-2263,512-474-2263,https://locations.traderjoes.com/tx/austin/452/,2021-07-10,Texas,49.03,42.09,6841.0,78701,Travis,116.05,308.63
Trader Joe's Dallas Far North (407),14856 Preston Rd,Dallas,TX,75254,972-239-3901,972-239-3901,https://locations.traderjoes.com/tx/dallas/407/,2021-07-10,Texas,49.03,42.09,23253.0,75254,Dallas,120.39,234.86
Trader Joe's McKinney (408),2851 Craig Dr Ste 100,McKinney,TX,75070,214-491-1893,214-491-1893,https://locations.traderjoes.com/tx/mckinney/408/,2021-07-10,Texas,49.03,42.09,74734.0,75070,Collin,125.95,313.22
Trader Joe's Austin - Northwest (454),9722 Great Hills Trail,Austin,TX,78759,512-241-1248,512-241-1248,https://locations.traderjoes.com/tx/austin/454/,2021-07-10,Texas,49.03,42.09,38891.0,78759,Travis,94.78,266.11
Trader Joe's Southlake (406),1492 E Southlake Blvd,Southlake,TX,76092,817-251-0360,817-251-0360,https://locations.traderjoes.com/tx/southlake/406/,2021-07-10,Texas,49.03,42.09,26669.0,76092,Tarrant,149.26,420.13
Trader Joe's Houston - West (431),11683 Westheimer Rd,Houston,TX,77077,281-496-2488,281-496-2488,https://locations.traderjoes.com/tx/houston/431/,2021-07-10,Texas,49.03,42.09,52151.0,77077,Harris,87.53,233.02
Trader Joe's Dallas  -  Lower Greenville (403),2001 Greenville Ave,Dallas,TX,75206,469-334-0614,469-334-0614,https://locations.traderjoes.com/tx/dallas/403/,2021-07-10,Texas,49.03,42.09,36248.0,75206,Dallas,169.1,467.27
Trader Joe's Williamsburg (657),5000 Settlers Market Blvd,Williamsburg,VA,23188,757-259-2135,757-259-2135,https://locations.traderjoes.com/va/williamsburg/657/,2021-07-10,Virginia,59.84,52.82,38733.0,23188,James City,97.48,244.29
Trader Joe's Ashburn (619),44755 Brimfield Dr,Ashburn,VA,20147,703-858-5993,703-858-5993,https://locations.traderjoes.com/va/ashburn/619/,2021-07-10,Virginia,59.84,52.82,54086.0,20147,Loudoun,148.61,487.89
Trader Joe's Alexandria (647),612 N Saint Asaph St,Alexandria,VA,22314,703-548-0611,703-548-0611,https://locations.traderjoes.com/va/alexandria/647/,2021-07-10,Virginia,59.84,52.82,29653.0,22314,Alexandria,129.62,339.96
Trader Joe's Richmond (786),3000 Stony Point Rd,Richmond,VA,23235,804-323-4292,804-323-4292,https://locations.traderjoes.com/va/richmond/786/,2021-07-10,Virginia,59.84,52.82,30165.0,23235,Chesterfield,100.7,255.7
Trader Joe's Fairfax (643),9464 Main St,Fairfax,VA,22031,703-764-8550,703-764-8550,https://locations.traderjoes.com/va/fairfax/643/,2021-07-10,Virginia,59.84,52.82,29795.0,22031,Fairfax County,123.61,393.95
Trader Joe's Reston (646),11958 Killingsworth Ave,Reston,VA,20194,703-689-0865,703-689-0865,https://locations.traderjoes.com/va/reston/646/,2021-07-10,Virginia,59.84,52.82,13165.0,20194,Fairfax County,183.38,529.35
Trader Joe's Centreville (654),14100 Lee Hwy,Centreville,VA,20120,703-815-0697,703-815-0697,https://locations.traderjoes.com/va/centreville/654/,2021-07-10,Virginia,59.84,52.82,40695.0,20120,Fairfax County,143.55,419.05
Trader Joe's Virginia Beach (660),503 Hilltop Plaza,Virginia Beach,VA,23454,757-422-4840,757-422-4840,https://locations.traderjoes.com/va/virginia-beach/660/,2021-07-10,Virginia,59.84,52.82,60283.0,23454,Virginia Beach,91.63,257.1
Trader Joe's Falls Church - Tyson's Station (641),7514 Leesburg Turnpike,Falls Church,VA,22043,703-288-0566,703-288-0566,https://locations.traderjoes.com/va/falls-church/641/,2021-07-10,Virginia,59.84,52.82,24302.0,22043,Fairfax County,115.15,313.73
Trader Joe's Richmond/Short Pump (659),11331 W Broad St,Glen Allen,VA,23060,804-360-4098,804-360-4098,https://locations.traderjoes.com/va/glen-allen/659/,2021-07-10,Virginia,59.84,52.82,33417.0,23060,Henrico,136.97,371.77
Trader Joe's Springfield (651),6394 Springfield Plaza,Springfield,VA,22150,703-569-9301,703-569-9301,https://locations.traderjoes.com/va/springfield/651/,2021-07-10,Virginia,59.84,52.82,27105.0,22150,Fairfax County,64.32,144.88
Trader Joe's Charlottesville (661),2025 Bond St.,Charlottesville,VA,22901,434-974-1466,434-974-1466,https://locations.traderjoes.com/va/charlottesville/661/,2021-07-10,Virginia,59.84,52.82,32532.0,22901,Albemarle,75.16,223.38
Trader Joe's Newport News (656),12551 Jefferson Ave,Newport News,VA,23602,757-890-0235,757-890-0235,https://locations.traderjoes.com/va/newport-news/656/,2021-07-10,Virginia,59.84,52.82,39676.0,23602,Newport News,73.17,188.3
Trader Joe's Bailey's Crossroads (644),5847 Leesburg Pike,Bailey's Crossroads,VA,22041,703-379-5883,703-379-5883,https://locations.traderjoes.com/va/bailey-s-crossroads/644/,2021-07-10,Virginia,59.84,52.82,27989.0,22041,Fairfax County,94.16,238.92
Trader Joe's Arlington - Clarendon (640),1109 N Highland St,Arlington,VA,22201,703-351-8015,703-351-8015,https://locations.traderjoes.com/va/arlington/640/,2021-07-10,Virginia,59.84,52.82,33476.0,22201,Arlington,140.28,361.03
Trader Joe's Media (637),12 E State St,Media,PA,19063,610-891-2752,610-891-2752,https://locations.traderjoes.com/pa/media/637/,2021-07-10,Pennsylvania,63.58,50.57,35704.0,19063,Delaware,104.35,293.46
Trader Joe's Wayne (632),171 E Swedesford Rd,Wayne,PA,19087,610-225-0925,610-225-0925,https://locations.traderjoes.com/pa/wayne/632/,2021-07-10,Pennsylvania,63.58,50.57,32225.0,19087,Chester,156.76,482.57
Trader Joe's Pittsburgh (638),6343 Penn Ave,Pittsburgh,PA,15206,412-363-5748,412-363-5748,https://locations.traderjoes.com/pa/pittsburgh/638/,2021-07-10,Pennsylvania,63.58,50.57,28615.0,15206,Allegheny,103.94,245.01
Trader Joe's Philadelphia - Center City (634),2121 Market St,Philadelphia,PA,19103,215-569-9282,215-569-9282,https://locations.traderjoes.com/pa/philadelphia/634/,2021-07-10,Pennsylvania,63.58,50.57,21908.0,19103,Philadelphia,53.24,181.85
Trader Joe's State College (629),243 Patriot Lane,State College,PA,16803,814-234-2224,814-234-2224,https://locations.traderjoes.com/pa/state-college/629/,2021-07-10,Pennsylvania,63.58,50.57,23685.0,16803,Centre,116.89,293.64
Trader Joe's Arch St. (618),1324 Arch St.,Philadelphia,PA,19107,215-563-2170,215-563-2170,https://locations.traderjoes.com/pa/philadelphia/618/,2021-07-10,Pennsylvania,63.58,50.57,14875.0,19107,Philadelphia,65.37,170.01
Trader Joe's North Wales (639),1460 Bethlehem Pike,North Wales,PA,19454,215-646-5870,215-646-5870,https://locations.traderjoes.com/pa/north-wales/639/,2021-07-10,Pennsylvania,63.58,50.57,27870.0,19454,Montgomery,136.35,327.31
Trader Joe's Pittsburgh - South Hills (630),1630 Washington Rd,Pittsburgh,PA,15241,412-835-2212,412-835-2212,https://locations.traderjoes.com/pa/pittsburgh/630/,2021-07-10,Pennsylvania,63.58,50.57,20395.0,15241,Allegheny,95.34,236.98
Trader Joe's Ardmore (635),112 Coulter Ave,Ardmore,PA,19003,610-658-0645,610-658-0645,https://locations.traderjoes.com/pa/ardmore/635/,2021-07-10,Pennsylvania,63.58,50.57,12519.0,19003,Montgomery,107.06,296.47
Trader Joe's Jenkintown (633),933 Old York Rd,Jenkintown,PA,19046,215-885-5240,215-885-5240,https://locations.traderjoes.com/pa/jenkintown/633/,2021-07-10,Pennsylvania,63.58,50.57,17809.0,19046,Montgomery,102.5,288.84
Trader Joe's Pittsburgh North Hills (624),9020 Covenant Ave,Pittsburgh,PA,15237,412-366-1131,412-366-1131,https://locations.traderjoes.com/pa/pittsburgh/624/,2021-07-10,Pennsylvania,63.58,50.57,41895.0,15237,Allegheny,111.22,313.63
Trader Joe's Bloomington (724),4270 W 78th St,Bloomington,MN,55435,952-835-8640,952-835-8640,https://locations.traderjoes.com/mn/bloomington/724/,2021-07-10,Minnesota,57.53,52.62,11592.0,55435,Hennepin,77.77,199.7
Trader Joe's Maple Grove (713),12105 Elm Creek Blvd N,Maple Grove,MN,55369,763-315-1739,763-315-1739,https://locations.traderjoes.com/mn/maple-grove/713/,2021-07-10,Minnesota,57.53,52.62,32524.0,55369,Hennepin,152.29,425.78
Trader Joe's St. Paul (716),484 Lexington Pkwy S,St. Paul,MN,55105,651-698-3119,651-698-3119,https://locations.traderjoes.com/mn/st.-paul/716/,2021-07-10,Minnesota,57.53,52.62,28455.0,55105,Ramsey,82.18,197.78
Trader Joe's St. Louis Park (710),4500 Excelsior Blvd,St. Louis Park,MN,55416,952-285-1053,952-285-1053,https://locations.traderjoes.com/mn/st.-louis-park/710/,2021-07-10,Minnesota,57.53,52.62,29027.0,55416,Hennepin,53.5,194.11
Trader Joe's Minneapolis (725),721 Washington Ave S,Minneapolis,MN,55415,612-339-2110,612-339-2110,https://locations.traderjoes.com/mn/minneapolis/725/,2021-07-10,Minnesota,57.53,52.62,2604.0,55415,Hennepin,38.2,98.27
Trader Joe's Rochester (718),1200 16th St SW,Rochester,MN,55902,507-281-4411,507-281-4411,https://locations.traderjoes.com/mn/rochester/718/,2021-07-10,Minnesota,57.53,52.62,21968.0,55902,Olmsted,50.7,110.16
Trader Joe's Shoreview (727),1041 Red Fox Rd,Shoreview,MN,55126,651-765-1398,651-765-1398,https://locations.traderjoes.com/mn/shoreview/727/,2021-07-10,Minnesota,57.53,52.62,25140.0,55126,Ramsey,116.45,251.31
Trader Joe's Minnetonka (714),11220 Wayzata Blvd,Minnetonka,MN,55305,952-417-9080,952-417-9080,https://locations.traderjoes.com/mn/minnetonka/714/,2021-07-10,Minnesota,57.53,52.62,19368.0,55305,Hennepin,143.96,297.96
Trader Joe's Woodbury (715),8960 Hudson Rd. Ste. 801,Woodbury,MN,55125,651-735-0269,651-735-0269,https://locations.traderjoes.com/mn/woodbury/715/,2021-07-10,Minnesota,57.53,52.62,43281.0,55125,Washington,153.86,324.7
Trader Joe's Delray Beach (771),1851 S Federal Highway #500,Delray Beach,FL,33483,561-278-1493,561-278-1493,https://locations.traderjoes.com/fl/delray-beach/771/,2021-07-10,Florida,54.67,46.86,12093.0,33483,Palm Beach,142.67,232.17
Trader Joe's Fort Myers (784),4983 S. Cleveland Avenue,Fort Myers,FL,33907,239-275-1712,239-275-1712,https://locations.traderjoes.com/fl/fort-myers/784/,2021-07-10,Florida,54.67,46.86,22138.0,33907,Lee,79.66,238.09
Trader Joe's Miami Beach (779),1683 West Ave,Miami Beach,FL,33139,305-534-4951,305-534-4951,https://locations.traderjoes.com/fl/miami-beach/779/,2021-07-10,Florida,54.67,46.86,38613.0,33139,Miami-Dade,166.46,322.74
Trader Joe's Jacksonville Beach (760),4180 S 3rd St,Jacksonville Beach,FL,32250,904-241-1770,904-241-1770,https://locations.traderjoes.com/fl/jacksonville-beach/760/,2021-07-10,Florida,54.67,46.86,25356.0,32250,Duval,106.83,260.61
Trader Joe's Palm Beach Gardens (772),2560 PGA Blvd,Palm Beach Gardens,FL,33410,561-514-6455,561-514-6455,https://locations.traderjoes.com/fl/palm-beach-gardens/772/,2021-07-10,Florida,54.67,46.86,32570.0,33410,Palm Beach,130.33,269.58
Trader Joe's Tallahassee (763),3425 Thomasville Rd,Tallahassee,FL,32309,850-894-2538,850-894-2538,https://locations.traderjoes.com/fl/tallahassee/763/,2021-07-10,Florida,54.67,46.86,30159.0,32309,Leon,53.92,168.91
Trader Joe's St. Petersburg (767),2742 4th St N,St. Petersburg,FL,33704,727-824-0907,727-824-0907,https://locations.traderjoes.com/fl/st.-petersburg/767/,2021-07-10,Florida,54.67,46.86,16098.0,33704,Pinellas,107.9,205.0
Trader Joe's Jacksonville (769),11112 San Jose Blvd,Jacksonville,FL,32223,904-880-0582,904-880-0582,https://locations.traderjoes.com/fl/jacksonville/769/,2021-07-10,Florida,54.67,46.86,23980.0,32223,Duval,36.03,70.66
Trader Joe's Davie (778),2296 S University Dr,Davie,FL,33324,954-512-2968,954-512-2968,https://locations.traderjoes.com/fl/davie/778/,2021-07-10,Florida,54.67,46.86,42847.0,33324,Broward,107.87,282.11
Trader Joe's Naples (762),10600 Tamiami Trail N,Naples,FL,34108,239-596-5631,239-596-5631,https://locations.traderjoes.com/fl/naples/762/,2021-07-10,Florida,54.67,46.86,16874.0,34108,Collier,132.06,317.06
Trader Joe's Wellington (774),2877 South State Rd 7,Wellington,FL,33414,561-656-1067,561-656-1067,https://locations.traderjoes.com/fl/wellington/774/,2021-07-10,Florida,54.67,46.86,53718.0,33414,Palm Beach,102.36,235.4
Trader Joe's Gainesville (764),3724 SW Archer Rd,Gainesville,FL,32608,352-378-9321,352-378-9321,https://locations.traderjoes.com/fl/gainesville/764/,2021-07-10,Florida,54.67,46.86,45842.0,32608,Alachua,77.29,192.52
Trader Joe's Pembroke Pines (775),11960 Pines Blvd,Pembroke Pines,FL,33026,954-432-0405,954-432-0405,https://locations.traderjoes.com/fl/pembroke-pines/775/,2021-07-10,Florida,54.67,46.86,28498.0,33026,Broward,89.27,178.82
Trader Joe's OrlandoDr. Phillips (768),8323 Sand Lake Rd,Orlando,FL,32819,407-345-0611,407-345-0611,https://locations.traderjoes.com/fl/orlando/768/,2021-07-10,Florida,54.67,46.86,24976.0,32819,Orange,66.69,181.62
Trader Joe's Boca Raton (773),855 S Federal Hwy,Boca Raton,FL,33432,561-338-5031,561-338-5031,https://locations.traderjoes.com/fl/boca-raton/773/,2021-07-10,Florida,54.67,46.86,18715.0,33432,Palm Beach,137.02,347.89
Trader Joe's Coral Springs (782),2796 N. University Drive,Coral Springs,FL,33065,954-227-3407,954-227-3407,https://locations.traderjoes.com/fl/coral-springs/782/,2021-07-10,Florida,54.67,46.86,51921.0,33065,Broward,90.86,241.87
Trader Joe's Winter Park (765),131 Orlando Ave.,Winter Park,FL,32789,407-622-0874,407-622-0874,https://locations.traderjoes.com/fl/winter-park/765/,2021-07-10,Florida,54.67,46.86,24557.0,32789,Orange,98.53,203.51
Trader Joe's Tampa (766),3808 W Swann Ave,Tampa,FL,33609,813-872-6846,813-872-6846,https://locations.traderjoes.com/fl/tampa/766/,2021-07-10,Florida,54.67,46.86,15999.0,33609,Hillsborough,90.65,201.96
Trader Joe's Fort Lauderdale (776),1560 N Federal Hwy,Fort Lauderdale,FL,33304,954-537-3585,954-537-3585,https://locations.traderjoes.com/fl/fort-lauderdale/776/,2021-07-10,Florida,54.67,46.86,17724.0,33304,Broward,156.82,285.92
Trader Joe's Sarasota (761),4101 S Tamiami Trail,Sarasota,FL,34231,941-922-5727,941-922-5727,https://locations.traderjoes.com/fl/sarasota/761/,2021-07-10,Florida,54.67,46.86,30268.0,34231,Sarasota,138.51,321.12
Trader Joe's Danbury (525),113 Mill Plain Rd,Danbury,CT,06811,203-739-0098,203-739-0098,https://locations.traderjoes.com/ct/danbury/525/,2021-07-10,Connecticut,67.82,61.61,31400.0,06811,Fairfield,149.54,404.56
Trader Joe's Darien (522),436 Boston Post Rd,Darien,CT,06820,203-656-1414,203-656-1414,https://locations.traderjoes.com/ct/darien/522/,2021-07-10,Connecticut,67.82,61.61,20732.0,06820,Fairfield,93.38,226.08
Trader Joe's Fairfield (523),2258 Black Rock Turnpike,Fairfield,CT,06825,203-330-8301,203-330-8301,https://locations.traderjoes.com/ct/fairfield/523/,2021-07-10,Connecticut,67.82,61.61,21123.0,06825,Fairfield,122.34,286.22
Trader Joe's Orange (524),560 Boston Post Rd,Orange,CT,06477,203-795-5505,203-795-5505,https://locations.traderjoes.com/ct/orange/524/,2021-07-10,Connecticut,67.82,61.61,13956.0,06477,New Haven,75.48,186.49
Trader Joe's Manchester (563),1510 Pleasant Valley Road,Manchester,CT,06042,860-644-3182,860-644-3182,https://locations.traderjoes.com/ct/manchester/563/,2021-07-10,Connecticut,67.82,61.61,22942.0,06042,Hartford,51.22,137.45
Trader Joe's Stamford (529),1041 High Ridge Rd,Stamford,CT,06905,203-321-8440,203-321-8440,https://locations.traderjoes.com/ct/stamford/529/,2021-07-10,Connecticut,67.82,61.61,19649.0,06905,Fairfield,129.78,264.22
Trader Joe's Westport (521),400 Post Road E,Westport,CT,06880,203-226-8966,203-226-8966,https://locations.traderjoes.com/ct/westport/521/,2021-07-10,Connecticut,67.82,61.61,26647.0,06880,Fairfield,121.64,248.41
Trader Joe's West Hartford (526),1489 New Britain Ave,West Hartford,CT,06110,860-561-4771,860-561-4771,https://locations.traderjoes.com/ct/west-hartford/526/,2021-07-10,Connecticut,67.82,61.61,12650.0,06110,Hartford,67.08,200.98
Trader Joe's Beaverton (141),11753 SW Beaverton Hillsdale Hwy,Beaverton,OR,97005,503-626-3794,503-626-3794,https://locations.traderjoes.com/or/beaverton/141/,2021-07-10,Oregon,59.35,54.55,24906.0,97005,Washington,108.48,502.43
Trader Joe's Lake Oswego (142),15391 SW Bangy Rd,Lake Oswego,OR,97035,503-639-3238,503-639-3238,https://locations.traderjoes.com/or/lake-oswego/142/,2021-07-10,Oregon,59.35,54.55,23912.0,97035,Clackamas,85.8,206.69
Trader Joe's Corvallis (154),1550 NW 9th St,Corvallis,OR,97330,541-753-0048,541-753-0048,https://locations.traderjoes.com/or/corvallis/154/,2021-07-10,Oregon,59.35,54.55,41472.0,97330,Benton,64.48,183.99
Trader Joe's Medford (155),55 Rossanley Dr,Medford,OR,97501,541-608-4993,541-608-4993,https://locations.traderjoes.com/or/medford/155/,2021-07-10,Oregon,59.35,54.55,42117.0,97501,Jackson,64.43,121.66
Trader Joe's Bend (150),63455 N Hwy 97,Bend,OR,97701,541-312-4198,541-312-4198,https://locations.traderjoes.com/or/bend/150/,2021-07-10,Oregon,59.35,54.55,58993.0,97701,Deschutes,79.59,175.48
Trader Joe's Portland NW (146),2122 NW Glisan St,Portland,OR,97210,971-544-0788,971-544-0788,https://locations.traderjoes.com/or/portland/146/,2021-07-10,Oregon,59.35,54.55,10887.0,97210,Multnomah,120.43,321.61
Trader Joe's Hillsboro (149),2285 NW 185th Ave,Hillsboro,OR,97124,503-645-8321,503-645-8321,https://locations.traderjoes.com/or/hillsboro/149/,2021-07-10,Oregon,59.35,54.55,48349.0,97124,Washington,82.05,232.06
Trader Joe's Eugene (145),85 Oakway Center,Eugene,OR,97401,541-485-1744,541-485-1744,https://locations.traderjoes.com/or/eugene/145/,2021-07-10,Oregon,59.35,54.55,40521.0,97401,Lane,86.86,245.21
Trader Joe's Portland - Hollywood (144),4121 NE Halsey St,Portland,OR,97232,503-284-4232,503-284-4232,https://locations.traderjoes.com/or/portland/144/,2021-07-10,Oregon,59.35,54.55,11472.0,97232,Multnomah,63.54,147.16
Trader Joe's Salem (153),4450 Commercial St SE,Salem,OR,97302,503-378-9042,503-378-9042,https://locations.traderjoes.com/or/salem/153/,2021-07-10,Oregon,59.35,54.55,37131.0,97302,Marion,112.84,317.97
Trader Joe's Portland SE (143),4715 SE Cesar Chavez Blvd,Portland,OR,97202,503-777-1601,503-777-1601,https://locations.traderjoes.com/or/portland/143/,2021-07-10,Oregon,59.35,54.55,38762.0,97202,Multnomah,59.44,169.22
Trader Joe's Clackamas (152),9345 SE 82nd Ave,Clackamas,OR,97086,503-771-6300,503-771-6300,https://locations.traderjoes.com/or/clackamas/152/,2021-07-10,Oregon,59.35,54.55,26010.0,97086,Clackamas,99.54,256.5
Trader Joe's Belle Meade (739),90 White Bridge Rd,Nashville,TN,37205,615-356-1066,615-356-1066,https://locations.traderjoes.com/tn/nashville/739/,2021-07-10,Tennessee,42.85,37.92,24057.0,37205,Davidson,135.19,322.99
Trader Joe's Germantown (738),2130 Exeter Rd.,Germantown,TN,38138,901-759-2803,901-759-2803,https://locations.traderjoes.com/tn/germantown/738/,2021-07-10,Tennessee,42.85,37.92,24045.0,38138,Shelby,60.72,186.5
Trader Joe's Knoxville (663),8001 Kingston Pike,Knoxville,TN,37919,865-670-4088,865-670-4088,https://locations.traderjoes.com/tn/knoxville/663/,2021-07-10,Tennessee,42.85,37.92,28194.0,37919,Knox,105.41,254.57
Trader Joe's Nashville (664),3909 Hillsboro Pike,Nashville,TN,37215,615-297-6560,615-297-6560,https://locations.traderjoes.com/tn/nashville/664/,2021-07-10,Tennessee,42.85,37.92,21190.0,37215,Davidson,119.28,288.97
Trader Joe's Royal Oak (674),27880 Woodward Ave,Royal Oak,MI,48067,248-582-9002,248-582-9002,https://locations.traderjoes.com/mi/royal-oak/674/,2021-07-10,Michigan,51.95,47.79,24458.0,48067,Oakland,75.61,101.04
Trader Joe's Rochester Hills (668),3044 Walton Blvd,Rochester Hills,MI,48309,248-375-2190,248-375-2190,https://locations.traderjoes.com/mi/rochester-hills/668/,2021-07-10,Michigan,51.95,47.79,29135.0,48309,Oakland,77.01,223.94
Trader Joe's Kalamazoo (708),5099 Century Ave,Kalamazoo,MI,49006,269-372-2049,269-372-2049,https://locations.traderjoes.com/mi/kalamazoo/708/,2021-07-10,Michigan,51.95,47.79,26455.0,49006,Kalamazoo,69.99,113.25
Trader Joe's Bloomfield Hills (675),6536 Telegraph Rd,Bloomfield Hills,MI,48301,248-855-2283,248-855-2283,https://locations.traderjoes.com/mi/bloomfield-hills/675/,2021-07-10,Michigan,51.95,47.79,14127.0,48301,Oakland,139.56,427.24
Trader Joe's Grand Rapids - Kentwood (707),3684 28th St SE,Kentwood,MI,49512,616-977-1819,616-977-1819,https://locations.traderjoes.com/mi/kentwood/707/,2021-07-10,Michigan,51.95,47.79,15448.0,49512,Kent,56.63,113.92
Trader Joe's Grosse Pointe (665),17028 Kercheval Ave,Grosse Pointe,MI,48230,313-640-7794,313-640-7794,https://locations.traderjoes.com/mi/grosse-pointe/665/,2021-07-10,Michigan,51.95,47.79,16976.0,48230,Wayne,81.84,223.4
Trader Joe's Ann Arbor (678),2398 East Stadium Blvd,Ann Arbor,MI,48104,734-975-2455,734-975-2455,https://locations.traderjoes.com/mi/ann-arbor/678/,2021-07-10,Michigan,51.95,47.79,38315.0,48104,Washtenaw,82.95,211.14
Trader Joe's Northville (667),18771 Traditions Drive,Northville,MI,48167,248-349-4909,248-349-4909,https://locations.traderjoes.com/mi/northville/667/,2021-07-10,Michigan,51.95,47.79,21534.0,48167,Washtenaw,73.26,196.94
Trader Joe's Atlanta (730),931 Monroe Dr,Atlanta,GA,30308,404-815-9210,404-815-9210,https://locations.traderjoes.com/ga/atlanta/730/,2021-07-10,Georgia,44.03,37.13,15413.0,30308,Fulton,71.61,160.12
Trader Joe's Buckhead (735),3183 Peachtree Rd,Atlanta,GA,30305,404-842-0907,404-842-0907,https://locations.traderjoes.com/ga/atlanta/735/,2021-07-10,Georgia,44.03,37.13,22999.0,30305,Fulton,119.02,316.3
Trader Joe's Sandy Springs (731),6277 Roswell Road NE,Sandy Springs,GA,30328,404-236-2414,404-236-2414,https://locations.traderjoes.com/ga/sandy-springs/731/,2021-07-10,Georgia,44.03,37.13,30348.0,30328,Fulton,138.77,325.21
Trader Joe's Marietta (732),4250 Roswell Road,Marietta,GA,30062,678-560-3585,678-560-3585,https://locations.traderjoes.com/ga/marietta/732/,2021-07-10,Georgia,44.03,37.13,62136.0,30062,Cobb,95.68,229.65
Trader Joe's Athens (736),1850 Epps Bridge Pkwy,Athens,GA,30606,706-583-8934,706-583-8934,https://locations.traderjoes.com/ga/athens/736/,2021-07-10,Georgia,44.03,37.13,40225.0,30606,Clarke,75.07,217.92
Trader Joe's Norcross - Peachtree Corners (734),5185 Peachtree Pkwy,Norcross,GA,30092,678-966-9236,678-966-9236,https://locations.traderjoes.com/ga/norcross/734/,2021-07-10,Georgia,44.03,37.13,31704.0,30092,Gwinnett,141.6,354.21
Trader Joe's Roswell (733),635 W Crossville Rd,Roswell,GA,30075,770-645-8505,770-645-8505,https://locations.traderjoes.com/ga/roswell/733/,2021-07-10,Georgia,44.03,37.13,52573.0,30075,Fulton,91.1,271.74
Trader Joe's Asheville (740),120 Merrimon Ave,Asheville,NC,28801,828-232-5078,828-232-5078,https://locations.traderjoes.com/nc/asheville/740/,2021-07-10,North Carolina,49.31,42.49,15019.0,28801,Buncombe,88.89,224.82
Trader Joe's Wilmington (747),1437 S College Rd,Wilmington,NC,28403,910-395-5173,910-395-5173,https://locations.traderjoes.com/nc/wilmington/747/,2021-07-10,North Carolina,49.31,42.49,36063.0,28403,New Hanover,115.89,361.53
Trader Joe's Winston Salem (749),252 South Stratford Road,Winston Salem,NC,27103,336-721-1744,336-721-1744,https://locations.traderjoes.com/nc/winston-salem/749/,2021-07-10,North Carolina,49.31,42.49,33208.0,27103,Forsyth,99.12,195.43
Trader Joe's Chapel Hill (745),1800 E Franklin St,Chapel Hill,NC,27514,919-918-7871,919-918-7871,https://locations.traderjoes.com/nc/chapel-hill/745/,2021-07-10,North Carolina,49.31,42.49,32110.0,27514,Orange,118.96,331.73
Trader Joe's Greensboro (750),3721 Battleground Ave.,Greensboro,NC,27410,336-286-7859,336-286-7859,https://locations.traderjoes.com/nc/greensboro/750/,2021-07-10,North Carolina,49.31,42.49,52388.0,27410,Guilford,90.2,246.14
Trader Joe's Charlotte (744),1133 Metropolitan Ave,Charlotte,NC,28204,704-334-0737,704-334-0737,https://locations.traderjoes.com/nc/charlotte/744/,2021-07-10,North Carolina,49.31,42.49,4796.0,28204,Mecklenburg,91.55,241.06
Trader Joe's Raleigh (746),3000 Wake Forest Rd,Raleigh,NC,27609,919-981-7422,919-981-7422,https://locations.traderjoes.com/nc/raleigh/746/,2021-07-10,North Carolina,49.31,42.49,32964.0,27609,Wake,92.8,271.88
Trader Joe's Charlotte - North (743),1820 E Arbors Dr,Charlotte,NC,28262,704-688-9578,704-688-9578,https://locations.traderjoes.com/nc/charlotte/743/,2021-07-10,North Carolina,49.31,42.49,37547.0,28262,Mecklenburg,101.68,228.5
Trader Joe's Charlotte - Piper Glen (742),6418 Rea Rd,Charlotte,NC,28277,704-543-5249,704-543-5249,https://locations.traderjoes.com/nc/charlotte/742/,2021-07-10,North Carolina,49.31,42.49,59664.0,28277,Mecklenburg,134.2,335.02
Trader Joe's Cary (741),1393 Kildaire Farm Rd,Cary,NC,27511,919-465-5984,919-465-5984,https://locations.traderjoes.com/nc/cary/741/,2021-07-10,North Carolina,49.31,42.49,32029.0,27511,Wake,119.2,290.97
Trader Joe's Issaquah (138),975 NW Gilman Blvd,Issaquah,WA,98027,425-557-6420,425-557-6420,https://locations.traderjoes.com/wa/issaquah/138/,2021-07-10,Washington,62.27,55.81,26141.0,98027,King,137.79,383.85
Trader Joe's Seattle - Queen Anne Hill (135),1916 Queen Anne Ave N,Seattle,WA,98109,206-284-2546,206-284-2546,https://locations.traderjoes.com/wa/seattle/135/,2021-07-10,Washington,62.27,55.81,20715.0,98109,King,102.34,276.21
Trader Joe's Shoreline (270),1201 N 175th St,Shoreline,WA,98133,206-542-5336,206-542-5336,https://locations.traderjoes.com/wa/shoreline/270/,2021-07-10,Washington,62.27,55.81,44555.0,98133,King,81.28,203.83
Trader Joe's Silverdale (158),9991 Mickelberry Rd,Silverdale,WA,98383,360-307-7224,360-307-7224,https://locations.traderjoes.com/wa/silverdale/158/,2021-07-10,Washington,62.27,55.81,19727.0,98383,Kitsap,142.67,473.98
Trader Joe's Lynnwood (129),19715 Highway 99,Lynnwood,WA,98036,425-670-0623,425-670-0623,https://locations.traderjoes.com/wa/lynnwood/129/,2021-07-10,Washington,62.27,55.81,36000.0,98036,Snohomish,113.57,284.04
Trader Joe's Bellevue (131),15563 NE 24th St,Bellevue,WA,98007,425-641-5069,425-641-5069,https://locations.traderjoes.com/wa/bellevue/131/,2021-07-10,Washington,62.27,55.81,24889.0,98007,King,107.08,281.18
Trader Joe's West Seattle (157),4545 Fauntleroy Way SW,Seattle,WA,98116,206-913-0013,206-913-0013,https://locations.traderjoes.com/wa/seattle/157/,2021-07-10,Washington,62.27,55.81,22241.0,98116,King,121.64,325.99
Trader Joe's Olympia (156),1530 Black Lake Blvd SW,Olympia,WA,98502,360-352-7440,360-352-7440,https://locations.traderjoes.com/wa/olympia/156/,2021-07-10,Washington,62.27,55.81,30491.0,98502,Thurston,102.97,298.11
Trader Joe's Burien (133),15868 1st Ave S,Burien,WA,98148,206-901-9339,206-901-9339,https://locations.traderjoes.com/wa/burien/133/,2021-07-10,Washington,62.27,55.81,10010.0,98148,King,37.4,80.35
Trader Joe's Seattle - U District (137),4555 Roosevelt Way NE,Seattle,WA,98105,206-547-6299,206-547-6299,https://locations.traderjoes.com/wa/seattle/137/,2021-07-10,Washington,62.27,55.81,43924.0,98105,King,94.21,247.12
Trader Joe's Kent (163),12966 SE Kent-Kangley Rd,Kent,WA,98030,253-639-3419,253-639-3419,https://locations.traderjoes.com/wa/kent/163/,2021-07-10,Washington,62.27,55.81,33769.0,98030,King,109.93,323.83
Trader Joe's University Place (148),3800 Bridgeport Way W,University Place,WA,98466,253-460-2672,253-460-2672,https://locations.traderjoes.com/wa/university-place/148/,2021-07-10,Washington,62.27,55.81,26944.0,98466,Pierce,95.23,281.02
Trader Joe's Federal Way (134),1758 S 320th St,Federal Way,WA,98003,253-941-6138,253-941-6138,https://locations.traderjoes.com/wa/federal-way/134/,2021-07-10,Washington,62.27,55.81,44151.0,98003,King,57.55,150.5
Trader Joe's Kirkland (132),12520 Totem Lake Blvd NE,Kirkland,WA,98034,425-814-9181,425-814-9181,https://locations.traderjoes.com/wa/kirkland/132/,2021-07-10,Washington,62.27,55.81,40407.0,98034,King,134.96,338.57
Trader Joe's Spokane (159),2975 East 29th Ave,Spokane,WA,99223,509-534-1077,509-534-1077,https://locations.traderjoes.com/wa/spokane/159/,2021-07-10,Washington,62.27,55.81,29273.0,99223,Spokane,83.36,271.06
Trader Joe's Sammamish (160),490 228th Ave NE,Sammamish,WA,98074,425-836-0837,425-836-0837,https://locations.traderjoes.com/wa/sammamish/160/,2021-07-10,Washington,62.27,55.81,25748.0,98074,King,104.09,284.0
Trader Joe's Redmond (140),15932 Redmond Way,Redmond,WA,98052,425-883-1624,425-883-1624,https://locations.traderjoes.com/wa/redmond/140/,2021-07-10,Washington,62.27,55.81,58442.0,98052,King,106.72,279.52
Trader Joe's Bellevue (162),416 116th Ave NE,Bellevue,WA,98004,425-454-9799,425-454-9799,https://locations.traderjoes.com/wa/bellevue/162/,2021-07-10,Washington,62.27,55.81,27946.0,98004,King,109.04,299.65
Trader Joe's Ballard (147),4609 14th Ave NW,Seattle,WA,98107,206-783-0498,206-783-0498,https://locations.traderjoes.com/wa/seattle/147/,2021-07-10,Washington,62.27,55.81,21147.0,98107,King,117.88,333.94
Trader Joe's Everett (139),811 SE Everett Mall Way,Everett,WA,98208,425-513-2210,425-513-2210,https://locations.traderjoes.com/wa/everett/139/,2021-07-10,Washington,62.27,55.81,51802.0,98208,Snohomish,44.01,143.14
Trader Joe's Spokane N (164),5520 N Division St,Spokane,WA,99208,509-487-4188,509-487-4188,https://locations.traderjoes.com/wa/spokane/164/,2021-07-10,Washington,62.27,55.81,49193.0,99208,Spokane,93.17,282.31
Trader Joe's Seattle - Capitol Hill (130),1700 Madison St,Seattle,WA,98122,206-322-7268,206-322-7268,https://locations.traderjoes.com/wa/seattle/130/,2021-07-10,Washington,62.27,55.81,31454.0,98122,King,84.76,233.52
Trader Joe's Vancouver (136),305 SE Chkalov Dr,Vancouver,WA,98683,360-883-9000,360-883-9000,https://locations.traderjoes.com/wa/vancouver/136/,2021-07-10,Washington,62.27,55.81,30832.0,98683,Clark,73.82,200.27
Trader Joe's Bellingham (151),2410 James St,Bellingham,WA,98225,360-734-5166,360-734-5166,https://locations.traderjoes.com/wa/bellingham/151/,2021-07-10,Washington,62.27,55.81,46172.0,98225,Whatcom,105.71,248.23
Trader Joe's W Des Moines (721),6305 Mills Civic Pkwy,West Des Moines,IA,50266,515-225-3820,515-225-3820,https://locations.traderjoes.com/ia/west-des-moines/721/,2021-07-10,Iowa,51.86,48.65,23625.0,50266,Polk,97.73,234.63
Trader Joe's Coralville (728),920 Ponseti Way,Coralville,IA,52241,319-351-7223,319-351-7223,https://locations.traderjoes.com/ia/coralville/728/,2021-07-10,Iowa,51.86,48.65,18911.0,52241,Johnson,100.25,364.43
Trader Joe's Leawood (723),4201 W 119th St,Leawood,KS,66209,913-327-7209,913-327-7209,https://locations.traderjoes.com/ks/leawood/723/,2021-07-10,Kansas,49.78,42.57,19561.0,66209,Johnson,98.15,303.64
Trader Joe's Wichita (729),1800 N. Rock Road,Wichita,KS,67206,316-634-1846,316-634-1846,https://locations.traderjoes.com/ks/wichita/729/,2021-07-10,Kansas,49.78,42.57,15186.0,67206,Sedgwick,92.32,193.07
Trader Joe's Nashua (507),262 Daniel Webster HWY,Nashua,NH,03060,603-888-5460,603-888-5460,https://locations.traderjoes.com/nh/nashua/507/,2021-07-10,New Hampshire,63.36,57.16,29357.0,03060,Hillsborough,109.4,260.57
Trader Joe's Bedford (562),2 Market Street,Bedford,NH,03110,603-222-3074,603-222-3074,https://locations.traderjoes.com/nh/bedford/562/,2021-07-10,New Hampshire,63.36,57.16,21203.0,03110,Hillsborough,136.4,306.62
Trader Joe's Newington/Portsmouth (520),45 Gosling Rd,Portsmouth,NH,03801,603-431-2654,603-431-2654,https://locations.traderjoes.com/nh/portsmouth/520/,2021-07-10,New Hampshire,63.36,57.16,21532.0,03801,Rockingham,155.49,300.95
Trader Joe's Denver Wine (310),790 N Colorado Blvd,Denver,CO,80206,303-321-3245,303-321-3245,https://locations.traderjoes.com/co/denver/310/,2021-07-10,Colorado,58.68,52.86,21521.0,80206,Denver,109.14,300.72
Trader Joe's Denver Grocery (300),750 N Colorado Blvd,Denver,CO,80206,303-321-1003,303-321-1003,https://locations.traderjoes.com/co/denver/300/,2021-07-10,Colorado,58.68,52.86,21521.0,80206,Denver,109.14,300.72
Trader Joe's Colorado Springs (305),5342 N Nevada Ave,Colorado Springs,CO,80918,719-264-0123,719-264-0123,https://locations.traderjoes.com/co/colorado-springs/305/,2021-07-10,Colorado,58.68,52.86,45467.0,80918,El Paso,101.66,272.25
Trader Joe's Denver (302),661 Logan Street,Denver,CO,80203,303-318-7112,303-318-7112,https://locations.traderjoes.com/co/denver/302/,2021-07-10,Colorado,58.68,52.86,18839.0,80203,Denver,79.26,209.29
Trader Joe's Greenwood Village (303),"5910 S University Blvd, Suite E1",Greenwood Village,CO,80121,303-730-3848,303-730-3848,https://locations.traderjoes.com/co/greenwood-village/303/,2021-07-10,Colorado,58.68,52.86,17853.0,80121,Arapahoe,118.2,279.66
Trader Joe's Boulder (301),1906 28th St,Boulder,CO,80301,303-443-0160,303-443-0160,https://locations.traderjoes.com/co/boulder/301/,2021-07-10,Colorado,58.68,52.86,22555.0,80301,Boulder,131.71,269.12
Trader Joe's Fort Collins (304),"3500 S College Ave, Ste 110",Fort Collins,CO,80525,970-223-3560,970-223-3560,https://locations.traderjoes.com/co/fort-collins/304/,2021-07-10,Colorado,58.68,52.86,48419.0,80525,Larimer,139.55,394.12
Trader Joe's Littleton (306),8055 West Bowles Ave,Littleton,CO,80123,720-981-4563,720-981-4563,https://locations.traderjoes.com/co/littleton/306/,2021-07-10,Colorado,58.68,52.86,44795.0,80123,Jefferson,102.75,310.04
Trader Joe's Freehold (590),4331 Route 9 Unit 3,Freehold,NJ,07728,732-462-1539,732-462-1539,https://locations.traderjoes.com/nj/freehold/590/,2021-07-10,New Jersey,63.76,56.26,56257.0,07728,Monmouth,91.77,197.66
Trader Joe's Princeton (607),3528 Brunswick Pike,Princeton,NJ,08540,609-897-0581,609-897-0581,https://locations.traderjoes.com/nj/princeton/607/,2021-07-10,New Jersey,63.76,56.26,47115.0,08540,Mercer,178.79,495.11
Trader Joe's Wayne (603),910 Hamburg Turnpike,Wayne,NJ,07470,973-872-4604,973-872-4604,https://locations.traderjoes.com/nj/wayne/603/,2021-07-10,New Jersey,63.76,56.26,54717.0,07470,Passaic,80.32,219.07
Trader Joe's Westfield (601),155 Elm St,Westfield,NJ,07090,908-301-0910,908-301-0910,https://locations.traderjoes.com/nj/westfield/601/,2021-07-10,New Jersey,63.76,56.26,30338.0,07090,Union,118.27,330.52
Trader Joe's Paramus (605),404 Rt 17 N,Paramus,NJ,07652,201-265-9624,201-265-9624,https://locations.traderjoes.com/nj/paramus/605/,2021-07-10,New Jersey,63.76,56.26,26342.0,07652,Bergen,109.73,227.11
Trader Joe's Denville (617),3056 State Route 10 West,Denville,NJ,07834,973-537-3672,973-537-3672,https://locations.traderjoes.com/nj/denville/617/,2021-07-10,New Jersey,63.76,56.26,17722.0,07834,Morris,102.33,230.87
Trader Joe's Marlton (631),300 P Route 73 S,Marlton,NJ,08053,856-988-3323,856-988-3323,https://locations.traderjoes.com/nj/marlton/631/,2021-07-10,New Jersey,63.76,56.26,45538.0,08053,Burlington,126.58,353.23
Trader Joe's Clifton (610),259 Allwood Road,Clifton,NJ,07012,973-777-5020,973-777-5020,https://locations.traderjoes.com/nj/clifton/610/,2021-07-10,New Jersey,63.76,56.26,11703.0,07012,Passaic,70.0,157.94
Trader Joe's North Brunswick (612),869 US-1,North Brunswick,NJ,08902,732-993-1403,732-993-1403,https://locations.traderjoes.com/nj/north-brunswick/612/,2021-07-10,New Jersey,63.76,56.26,41153.0,08902,Middlesex,85.56,211.74
Trader Joe's Brick (615),110 Brick Plaza,Brick,NJ,08723,732-477-4781,732-477-4781,https://locations.traderjoes.com/nj/brick/615/,2021-07-10,New Jersey,63.76,56.26,31641.0,08723,Ocean,105.04,259.51
Trader Joe's Millburn (609),187 Millburn Ave,Millburn,NJ,07041,973-218-0912,973-218-0912,https://locations.traderjoes.com/nj/millburn/609/,2021-07-10,New Jersey,63.76,56.26,6868.0,07041,Essex,100.32,435.27
Trader Joe's Hoboken (611),1350 Willow Ave.,Hoboken,NJ,07030,201-714-4790,201-714-4790,https://locations.traderjoes.com/nj/hoboken/611/,2021-07-10,New Jersey,63.76,56.26,50005.0,07030,Hudson,113.79,293.44
Trader Joe's Cherry Hill (613),775 Haddonfield Rd,Cherry Hill,NJ,08002,856-488-0801,856-488-0801,https://locations.traderjoes.com/nj/cherry-hill/613/,2021-07-10,New Jersey,63.76,56.26,22274.0,08002,Camden,96.89,233.83
Trader Joe's Shrewsbury (608),1031 Broad St,Shrewsbury,NJ,07702,732-389-2535,732-389-2535,https://locations.traderjoes.com/nj/shrewsbury/608/,2021-07-10,New Jersey,63.76,56.26,3809.0,07702,Monmouth,125.51,349.17
Trader Joe's Westwood (602),20 Irvington St,Westwood,NJ,07675,201-263-0134,201-263-0134,https://locations.traderjoes.com/nj/westwood/602/,2021-07-10,New Jersey,63.76,56.26,26339.0,07675,Bergen,133.39,380.03
Trader Joe's Edgewater (606),715 River Rd,Edgewater,NJ,07020,201-945-5932,201-945-5932,https://locations.traderjoes.com/nj/edgewater/606/,2021-07-10,New Jersey,63.76,56.26,11513.0,07020,Bergen,177.4,527.34
Trader Joe's Bridgewater (614),315 Promenade Blvd,Bridgewater,NJ,08807,732-805-0268,732-805-0268,https://locations.traderjoes.com/nj/bridgewater/614/,2021-07-10,New Jersey,63.76,56.26,37972.0,08807,Somerset,127.39,335.17
Trader Joe's Florham Park (604),176 Columbia Turnpike,Florham Park,NJ,07932,973-377-0679,973-377-0679,https://locations.traderjoes.com/nj/florham-park/604/,2021-07-10,New Jersey,63.76,56.26,9868.0,07932,Morris,113.54,226.39
Trader Joe's Meridian (361),2986 N. Eagle RD.,Meridian,ID,83646,208-506-2978,208-506-2978,https://locations.traderjoes.com/id/meridian/361/,2021-07-10,Idaho,40.01,36.58,47098.0,83646,Ada,56.33,170.44
Trader Joe's Boise (360),300 S Capitol Blvd,Boise,ID,83702,208-336-7282,208-336-7282,https://locations.traderjoes.com/id/boise/360/,2021-07-10,Idaho,40.01,36.58,22293.0,83702,Ada,35.74,109.38
Trader Joe's Madison (712),1810 Monroe St,Madison,WI,53711,608-257-1916,608-257-1916,https://locations.traderjoes.com/wi/madison/712/,2021-07-10,Wisconsin,54.26,50.59,45728.0,53711,Dane,81.49,211.31
Trader Joe's Brookfield (726),12665 W. Bluemound Rd,Brookfield,WI,53005,262-784-4806,262-784-4806,https://locations.traderjoes.com/wi/brookfield/726/,2021-07-10,Wisconsin,54.26,50.59,19425.0,53005,Waukesha,84.58,227.12
Trader Joe's Glendale (711),5600 N Port Washington Rd,Milwaukee,WI,53217,414-962-3382,414-962-3382,https://locations.traderjoes.com/wi/milwaukee/711/,2021-07-10,Wisconsin,54.26,50.59,29192.0,53217,Milwaukee,64.99,193.31
Trader Joe's Louisville Grocery (628),4600 Shelbyville Rd Ste 111,Louisville,KY,40207,502-895-1361,502-895-1361,https://locations.traderjoes.com/ky/louisville/628/,2021-07-10,Kentucky,50.12,44.27,29745.0,40207,Jefferson,102.98,314.47
Trader Joe's Louisville Wine (625),4600 Shelbyville Rd Ste 112,Louisville,KY,40207,502-895-7872,502-895-7872,https://locations.traderjoes.com/ky/louisville/625/,2021-07-10,Kentucky,50.12,44.27,29745.0,40207,Jefferson,102.98,314.47
Trader Joe's Crestview Hills Grocery (788),2780 Dixie Highway,Crestview Hills,KY,41017,,,https://locations.traderjoes.com/ky/crestview-hills/788/,2021-07-10,Kentucky,50.12,44.27,38940.0,41017,Kenton,132.89,360.57
Trader Joe's Crestview Hills Wine (789),2785 Dixie Highway,Crestview Hills,KY,41017,,,https://locations.traderjoes.com/ky/crestview-hills/789/,2021-07-10,Kentucky,50.12,44.27,38940.0,41017,Kenton,132.89,360.57
Trader Joe's Lexington Wine (626),2320 Nicholasville Road,Lexington,KY,40503,859-277-0144,859-277-0144,https://locations.traderjoes.com/ky/lexington/626/,2021-07-10,Kentucky,50.12,44.27,28003.0,40503,Fayette,53.74,113.33
Trader Joe's Lexington Grocery (627),2326 Nicholasville Rd,Lexington,KY,40503,859-313-5030,859-313-5030,https://locations.traderjoes.com/ky/lexington/627/,2021-07-10,Kentucky,50.12,44.27,28003.0,40503,Fayette,53.74,113.33
Trader Joe's Kansas City (720),8600 Ward Pkwy,Kansas City,MO,64114,816-333-5322,816-333-5322,https://locations.traderjoes.com/mo/kansas-city/720/,2021-07-10,Missouri,45.76,39.67,23158.0,64114,Jackson,146.02,426.39
Trader Joe's Brentwood (692),48 Brentwood Promenade Court,Brentwood,MO,63144,314-963-0253,314-963-0253,https://locations.traderjoes.com/mo/brentwood/692/,2021-07-10,Missouri,45.76,39.67,8825.0,63144,St. Louis County,134.28,224.97
Trader Joe's Creve Coeur (694),11505 Olive Blvd,Creve Coeur,MO,63141,314-569-0427,314-569-0427,https://locations.traderjoes.com/mo/creve-coeur/694/,2021-07-10,Missouri,45.76,39.67,20593.0,63141,St. Louis County,112.05,300.12
Trader Joe's Chesterfield (693),1679 Clarkson Rd,Chesterfield,MO,63017,636-536-7846,636-536-7846,https://locations.traderjoes.com/mo/chesterfield/693/,2021-07-10,Missouri,45.76,39.67,41470.0,63017,St. Louis County,63.04,146.18
Trader Joe's Des Peres (695),13343 Manchester Rd,Des Peres,MO,63131,314-984-5051,314-984-5051,https://locations.traderjoes.com/mo/des-peres/695/,2021-07-10,Missouri,45.76,39.67,16769.0,63131,St. Louis County,107.45,263.91
Trader Joe's Washington - 25th St (653),1101 25th Street NW,Washington,DC,20037,202-296-1921,202-296-1921,https://locations.traderjoes.com/dc/washington/653/,2021-07-10,District of Columbia,62.16,53.31,14642.0,20037,District of Columbia,70.48,192.76
Trader Joe's Washington - Capitol Hill (622),750 Pennsylvania Ave SE,Washington,DC,20003,202-698-0190,202-698-0190,https://locations.traderjoes.com/dc/washington/622/,2021-07-10,District of Columbia,62.16,53.31,26454.0,20003,District of Columbia,118.38,282.38
Trader Joe's Washington - 14th St (662),1914 14th St NW,Washington,DC,20009,202-986-1591,202-986-1591,https://locations.traderjoes.com/dc/washington/662/,2021-07-10,District of Columbia,62.16,53.31,47992.0,20009,District of Columbia,105.6,302.64
Trader Joe's Glover Park (620),2101 Wisconsin Ave NW Suite A,Washington,DC,20007,202-944-8403,202-944-8403,https://locations.traderjoes.com/dc/washington/620/,2021-07-10,District of Columbia,62.16,53.31,26866.0,20007,District of Columbia,167.83,347.85
Trader Joe's Washington - Union Market District (621),350 Florida Ave. NE,Washington,DC,20002,202-608-1023,202-608-1023,https://locations.traderjoes.com/dc/washington/621/,2021-07-10,District of Columbia,62.16,53.31,52370.0,20002,District of Columbia,99.95,268.92
Trader Joe's Metairie (755),2949 Veterans Blvd,Metairie,LA,70002,504-831-0253,504-831-0253,https://locations.traderjoes.com/la/metairie/755/,2021-07-10,Louisiana,39.13,35.71,18879.0,70002,Jefferson,113.44,235.35
Trader Joe's Baton Rouge (754),3535 Perkins Rd,Baton Rouge,LA,70808,225-382-0588,225-382-0588,https://locations.traderjoes.com/la/baton-rouge/754/,2021-07-10,Louisiana,39.13,35.71,32504.0,70808,East Baton Rouge,61.35,151.38
Trader Joe's Henderson (97),2716 N Green Valley Pkwy,Henderson,NV,89014,702-433-6773,702-433-6773,https://locations.traderjoes.com/nv/henderson/97/,2021-07-10,Nevada,50.84,42.82,36922.0,89014,Clark,127.65,305.46
Trader Joe's Carson City (281),3790 US Hwy 395 S,Carson City,NV,89705,775-267-2486,775-267-2486,https://locations.traderjoes.com/nv/carson-city/281/,2021-07-10,Nevada,50.84,42.82,4969.0,89705,Douglas,134.82,310.34
Trader Joe's Las Vegas - Centennial Hills (98),5639 Centennial Ctr Blvd,Las Vegas,NV,89149,702-396-3372,702-396-3372,https://locations.traderjoes.com/nv/las-vegas/98/,2021-07-10,Nevada,50.84,42.82,31143.0,89149,Clark,180.08,517.55
Trader Joe's Anthem (280),10345 S Eastern Ave,Henderson,NV,89052,702-407-8673,702-407-8673,https://locations.traderjoes.com/nv/henderson/280/,2021-07-10,Nevada,50.84,42.82,47214.0,89052,Clark,144.78,451.21
Trader Joe's Reno (82),5035 S McCarran Blvd,Reno,NV,89502,775-826-1621,775-826-1621,https://locations.traderjoes.com/nv/reno/82/,2021-07-10,Nevada,50.84,42.82,43566.0,89502,Washoe,55.35,111.49
Trader Joe's Las Vegas - Downtown Summerlin (284),2315 Summa Dr Ste 100,Las Vegas,NV,89135,702-242-0597,702-242-0597,https://locations.traderjoes.com/nv/las-vegas/284/,2021-07-10,Nevada,50.84,42.82,24144.0,89135,Clark,127.87,342.43
Trader Joe's Las Vegas - Summerlin (86),7575 W Washington,Las Vegas,NV,89128,702-242-8240,702-242-8240,https://locations.traderjoes.com/nv/las-vegas/86/,2021-07-10,Nevada,50.84,42.82,35669.0,89128,Clark,113.78,311.67
Trader Joe's Kettering (673),328 East Stroop Rd,Kettering,OH,45429,937-294-5411,937-294-5411,https://locations.traderjoes.com/oh/kettering/673/,2021-07-10,Ohio,48.67,45.42,25885.0,45429,Montgomery,78.83,226.75
Trader Joe's Westlake (677),175 Market St,Westlake,OH,44145,440-250-1592,440-250-1592,https://locations.traderjoes.com/oh/westlake/677/,2021-07-10,Ohio,48.67,45.42,32729.0,44145,Cuyahoga,85.58,242.2
Trader Joe's Kenwood (669),7788 Montgomery Rd,Cincinnati,OH,45236,513-984-3452,513-984-3452,https://locations.traderjoes.com/oh/cincinnati/669/,2021-07-10,Ohio,48.67,45.42,24552.0,45236,Hamilton,126.86,269.0
Trader Joe's Dublin (672),6355 Sawmill Rd,Dublin,OH,43017,614-793-8505,614-793-8505,https://locations.traderjoes.com/oh/dublin/672/,2021-07-10,Ohio,48.67,45.42,37626.0,43017,Franklin,77.05,265.74
Trader Joe's Woodmere (676),28425 Chagrin Blvd,Woodmere,OH,44122,216-591-9457,216-591-9457,https://locations.traderjoes.com/oh/woodmere/676/,2021-07-10,Ohio,48.67,45.42,34057.0,44122,Cuyahoga,68.41,176.63
Trader Joe's Columbus (679),3888 Townsfair Way,Columbus,OH,43219,614-473-0794,614-473-0794,https://locations.traderjoes.com/oh/columbus/679/,2021-07-10,Ohio,48.67,45.42,27123.0,43219,Franklin,61.24,146.07
Trader Joe's Little Rock (756),11500 Financial Centre Pky,Little Rock,AR,72211,501-954-7659,501-954-7659,https://locations.traderjoes.com/ar/little-rock/756/,2021-07-10,Arkansas,42.84,34.83,21288.0,72211,Pulaski,58.9,169.75
Trader Joe's Albuquerque (167),2200 Uptown Loop NE,Albuquerque,NM,87110,505-883-3662,505-883-3662,https://locations.traderjoes.com/nm/albuquerque/167/,2021-07-10,New Mexico,63.69,55.58,38587.0,87110,Bernalillo,28.47,73.07
Trader Joe's Santa Fe (165),530 W Cordova Rd,Santa Fe,NM,87505,505-995-8145,505-995-8145,https://locations.traderjoes.com/nm/santa-fe/165/,2021-07-10,New Mexico,63.69,55.58,31013.0,87505,Santa Fe,52.83,174.27
Trader Joe's Albuquerque (166),8928 Holly Ave NE,Albuquerque,NM,87122,505-796-0311,505-796-0311,https://locations.traderjoes.com/nm/albuquerque/166/,2021-07-10,New Mexico,63.69,55.58,17977.0,87122,Bernalillo,83.47,272.76
Trader Joe's Oklahoma City - Nichols Hills (461),6409 Avondale Dr,Nichols Hills,OK,73116,405-843-5655,405-843-5655,https://locations.traderjoes.com/ok/nichols-hills/461/,2021-07-10,Oklahoma,45.49,39.03,9241.0,73116,Oklahoma,154.67,343.27
Trader Joe's Tulsa (460),3702 S Peoria Ave,Tulsa,OK,74105,918-712-9768,918-712-9768,https://locations.traderjoes.com/ok/tulsa/460/,2021-07-10,Oklahoma,45.49,39.03,26547.0,74105,Tulsa,148.67,303.14
Trader Joe's South Burlington (527),200 Dorset St,South Burlington,VT,05403,802-658-4500,802-658-4500,https://locations.traderjoes.com/vt/south-burlington/527/,2021-07-10,Vermont,74.44,66.32,17593.0,05403,Chittenden,89.77,227.02
Trader Joe's Salt Lake City (350),634 East 400 South,Salt Lake City,UT,84102,801-359-2462,801-359-2462,https://locations.traderjoes.com/ut/salt-lake-city/350/,2021-07-10,Utah,49.51,38.08,17421.0,84102,Salt Lake,53.22,167.73
Trader Joe's Orem (352),440 East Park Avenue,Orem,UT,84097,801-224-1453,801-224-1453,https://locations.traderjoes.com/ut/orem/352/,2021-07-10,Utah,49.51,38.08,21322.0,84097,Utah,64.36,146.98
Trader Joe's Cottonwood Heights (351),6989 S 1300 E,Cottonwood Heights,UT,84047,801-562-3024,801-562-3024,https://locations.traderjoes.com/ut/cottonwood-heights/351/,2021-07-10,Utah,49.51,38.08,28936.0,84047,Salt Lake,63.99,166.68
Trader Joe's Wilmington (636),5605 Concord Pike,Wilmington,DE,19803,302-478-8494,302-478-8494,https://locations.traderjoes.com/de/wilmington/636/,2021-07-10,Delaware,58.94,51.03,21364.0,19803,New Castle,197.51,514.97
Trader Joe's Christiana (759),2500 Fashion Center Blvd.,Newark,DE,19702,302-292-6825,302-292-6825,https://locations.traderjoes.com/de/newark/759/,2021-07-10,Delaware,58.94,51.03,51899.0,19702,New Castle,108.22,319.1
Trader Joe's Mt. Pleasant (752),401 Johnnie Dodds Blvd,Mt. Pleasant,SC,29464,843-884-4037,843-884-4037,https://locations.traderjoes.com/sc/mt.-pleasant/752/,2021-07-10,South Carolina,44.89,39.37,43649.0,29464,Charleston,70.17,190.44
Trader Joe's Greenville (751),59 Woodruff Industrial Ln,Greenville,SC,29607,864-286-0231,864-286-0231,https://locations.traderjoes.com/sc/greenville/751/,2021-07-10,South Carolina,44.89,39.37,34487.0,29607,Greenville,107.09,226.91
Trader Joe's Columbia (753),4516 Forest Drive,Columbia,SC,29206,803-790-2404,803-790-2404,https://locations.traderjoes.com/sc/columbia/753/,2021-07-10,South Carolina,44.89,39.37,17788.0,29206,Richland,80.54,178.77
Trader Joe's Omaha (719),10305 Pacific St,Omaha,NE,68114,402-391-3698,402-391-3698,https://locations.traderjoes.com/ne/omaha/719/,2021-07-10,Nebraska,52.11,48.17,16928.0,68114,Douglas,67.99,162.02
Trader Joe's Lincoln (722),3120 Pine Lake Rd,Lincoln,NE,68516,402-328-0120,402-328-0120,https://locations.traderjoes.com/ne/lincoln/722/,2021-07-10,Nebraska,52.11,48.17,38956.0,68516,Lancaster,58.69,182.85
Trader Joe's Birmingham (737),"205 Summit Blvd, Suite 100",Birmingham,AL,35243,205-969-7801,205-969-7801,https://locations.traderjoes.com/al/birmingham/737/,2021-07-10,Alabama,40.56,33.24,17328.0,35243,Jefferson,71.46,228.99
Trader Joe's South Bend (600),1140 East Howard,South Bend,IN,46617,,,https://locations.traderjoes.com/in/south-bend/600/,2021-07-10,Indiana,45.73,43.0,9601.0,46617,St. Joseph,112.45,233.53
Trader Joe's Fort Wayne (757),4110 W. Jefferson Blvd.,Fort Wayne,IN,46804,260-432-5828,260-432-5828,https://locations.traderjoes.com/in/fort-wayne/757/,2021-07-10,Indiana,45.73,43.0,27245.0,46804,Allen,53.68,144.57
Trader Joe's Indianapolis - Castleton (671),5473 E 82nd St,Indianapolis,IN,46250,317-595-8950,317-595-8950,https://locations.traderjoes.com/in/indianapolis/671/,2021-07-10,Indiana,45.73,43.0,18546.0,46250,Marion,52.26,184.71
Trader Joe's Indianapolis - W 86th (670),2902 W 86th St,Indianapolis,IN,46268,317-337-1880,317-337-1880,https://locations.traderjoes.com/in/indianapolis/670/,2021-07-10,Indiana,45.73,43.0,24965.0,46268,Marion,104.62,233.07
Trader Joe's Warwick (518),1000 Bald Hill Rd,Warwick,RI,02886,401-821-5368,401-821-5368,https://locations.traderjoes.com/ri/warwick/518/,2021-07-10,Rhode Island,65.32,59.8,29269.0,02886,Kent,80.26,120.83
Trader Joe's Portland (519),87 Marginal Way,Portland,ME,04101,207-699-3799,207-699-3799,https://locations.traderjoes.com/me/portland/519/,2021-07-10,Maine,67.06,62.4,17227.0,04101,Cumberland,49.12,113.37
